date,BHAGERIA,BPCL,GOLDBEES,HERANBA,IDEA,INFY,IRCTC,KPITTECH,LICI,MIRAE-ASSET-TAX-SAVER-DIRECT-GROWTH,NIFTYBEES,PNB,SBI-MAGNUM-TAXGAIN-SCHEME-DIR-GR,SBIN,TATACHEM,TATAMOTORS,TATAPOWER,VOLTAS,YESBANK
2020-04-21,,,,,,,,,,,,,,,,75.1,,,
2020-04-22,,,,,,,,,,,,,,,,75.1,,,
2020-04-23,,,,,,,,,,,,,,,,75.1,,,
2020-04-24,,,,,,,,,,,,,,,,75.1,,,
2020-04-25,,,,,,,,,,,,,,,,75.1,,,
2020-04-26,,,,,,,,,,,,,,,,75.1,,,
2020-04-27,,,,,,,,,,,,,,,,75.1,,,
2020-04-28,,,,,,,,,,,,,,,,75.1,,,
2020-04-29,,,,,,,,,,,,,,,,75.1,,,
2020-04-30,,,,,,,,,,,,,,,,75.1,,,
2020-05-01,,,,,,,,,,,,,,,,75.1,,,
2020-05-02,,,,,,,,,,,,,,,,75.1,,,
2020-05-03,,,,,,,,,,,,,,,,75.1,,,
2020-05-04,,,,,,,,,,,,,,,,77.39,,,
2020-05-05,116.55,,,,,,,,,,,,,,,77.39,,,
2020-05-06,116.55,,,,,,,,,,,,,,,77.39,,,
2020-05-07,116.55,,,,,,,,,,,,,,,77.39,,,
2020-05-08,116.55,,,,,,,,,,,,,,,77.39,,,
2020-05-09,116.55,,,,,,,,,,,,,,,77.39,,,
2020-05-10,116.55,,,,,,,,,,,,,,,77.39,,,
2020-05-11,116.55,,,,,,,,,,,,,,,77.39,,,
2020-05-12,116.55,,,,,,,,,,,,,,,77.39,,,
2020-05-13,116.55,,,,,,,,,,,,,,,77.39,,,
2020-05-14,116.55,,,,,,,,,,,,,,,77.39,,,
2020-05-15,116.55,,,,,,,,,,,,,,,77.39,,,
2020-05-16,116.55,,,,,,,,,,,,,,,77.39,,,
2020-05-17,116.55,,,,,,,,,,,,,,,77.39,,,
2020-05-18,116.55,,,,,,,,,,,,,,,77.39,,,
2020-05-19,111.03,,,,,,,,,,,,,,,77.39,,,
2020-05-20,111.03,,,,,,,,,,,,,,,77.39,,,
2020-05-21,111.03,,,,,,,,,,,,,,,77.39,,,
2020-05-22,111.03,,,,,,,,,,,,,,,77.39,,,
2020-05-23,111.03,,,,,,,,,,,,,,,77.39,,,
2020-05-24,111.03,,,,,,,,,,,,,,,77.39,,,
2020-05-25,111.03,,,,,,,,,,,,,,,77.39,,,
2020-05-26,111.03,,,,,,,,,,,,,,,77.39,,,
2020-05-27,111.03,,,,,,,,,,,,,,,77.39,,,
2020-05-28,111.03,,,,,,,,,,,,,,,77.39,,,
2020-05-29,111.03,,,,,,,,,,,,,,,77.39,,,
2020-05-30,111.03,,,,,,,,,,,,,,,77.39,,,
2020-05-31,111.03,,,,,,,,,,,,,,,77.39,,,
2020-06-01,111.03,,,,,,,,,,,,,,,77.39,,,
2020-06-02,111.03,,,,,,,,,,,,,,,77.39,,,
2020-06-03,111.03,,,,,,,,,,,,,,,77.39,,,
2020-06-04,111.03,,,,,,,,,,,,,,,77.39,,,
2020-06-05,111.03,,,,,,,,,,,,,,,77.39,,,
2020-06-06,111.03,,,,,,,,,,,,,,,77.39,,,
2020-06-07,111.03,,,,,,,,,,,,,,,77.39,,,
2020-06-08,111.03,,,,,,,,,,,,,,,77.39,,,
2020-06-09,111.03,,,,,,,,,,,,,,,77.39,,,
2020-06-10,111.03,,,,,,,,,,,,,,,77.39,,,
2020-06-11,111.03,,,,,,,,,,,,,,,77.39,,,
2020-06-12,111.03,,,,,,,,,,,,,,,77.39,,,
2020-06-13,111.03,,,,,,,,,,,,,,,77.39,,,
2020-06-14,111.03,,,,,,,,,,,,,,,77.39,,,
2020-06-15,,,,,,,,,,,,,,,,77.39,,,
2020-06-16,,,,,,,,,,,,,,,,77.39,,,
2020-06-17,,,,,,,,,,,,,,,,77.39,,,
2020-06-18,,,,,,,,,,,,,,,,77.39,,,
2020-06-19,,,,,,,,,,,,,,,,77.39,,,
2020-06-20,,,,,,,,,,,,,,,,77.39,,,
2020-06-21,,,,,,,,,,,,,,,,77.39,,,
2020-06-22,,,,,,,,,,,,,,,,77.39,,,
2020-06-23,,,,,,,,,,,,,,,,77.39,,,
2020-06-24,,,,,,,,,,,,,,,,77.39,,,
2020-06-25,,,,,,,,,,,,,,,,77.39,,,
2020-06-26,,,,,,,,,,,,,,,,77.39,,,
2020-06-27,,,,,,,,,,,,,,,,77.39,,,
2020-06-28,,,,,,,,,,,,,,,,77.39,,,
2020-06-29,,,,,,,,,,,,,,,,77.39,,,
2020-06-30,,,,,,,,,,,,,,,,77.39,,,
2020-07-01,,,,,,,,,,,,,,,,77.39,,,
2020-07-02,,,,,,,,,,,,,,,,77.39,,,
2020-07-03,,,,,,,,,,,,,,,,89.13,,,
2020-07-04,,,,,,,,,,,,,,,,89.13,,,
2020-07-05,,,,,,,,,,,,,,,,89.13,,,
2020-07-06,,,,,,,,,,,,,,,,89.13,,,
2020-07-07,,,,,,,,,,,,,,,,89.13,,,
2020-07-08,,,,,,,,,,,,,,,,89.13,,,
2020-07-09,,,,,,,,,,,,,,,,89.13,,,
2020-07-10,,,,,,,,,,,,,,,,89.13,,,
2020-07-11,,,,,,,,,,,,,,,,89.13,,,
2020-07-12,,,,,,,,,,,,,,,,89.13,,,
2020-07-13,,,,,,,,,,,,,,,,89.13,,,
2020-07-14,,,,,,,,,,,,,,,,89.13,,,
2020-07-15,,,,,,,,,,,,,,,,89.13,,,
2020-07-16,,,,,,,,,,,,,,,,89.13,,,
2020-07-17,,,,,,,,,,,,,,,,89.13,,,
2020-07-18,,,,,,,,,,,,,,,,89.13,,,
2020-07-19,,,,,,,,,,,,,,,,89.13,,,
2020-07-20,,,,,,,,,,,,,,,,89.13,,,
2020-07-21,,,,,,,,,,,,,,,,89.13,,,
2020-07-22,,,,,,,,,,,,,,,,89.13,,,
2020-07-23,,,,,,,,,,,,,,,,89.13,,,
2020-07-24,,,,,,,,,,,,,,,,89.13,,,
2020-07-25,,,,,,,,,,,,,,,,89.13,,,
2020-07-26,,,,,,,,,,,,,,,,89.13,,,
2020-07-27,,,,,,,,,,,,,,,,89.13,,,12.3
2020-07-28,,,,,,,,,,,,,,,,89.13,,,12.3
2020-07-29,,,,,8.2,,,,,,,32.95,,,,89.13,,,12.12
2020-07-30,,,,,8.02,,,,,,,32.95,,,,89.13,,,12.12
2020-07-31,,,,,8.02,,,,,,,32.95,,,,89.13,,,12.12
2020-08-01,,,,,8.02,,,,,,,32.95,,,,89.13,,,12.12
2020-08-02,,,,,8.02,,,,,,,32.95,,,,89.13,,,12.12
2020-08-03,,,,,8.02,,,,,,,32.95,,,,89.13,,,12.12
2020-08-04,,,,,8.02,,,,,,,32.95,,,,89.13,,,12.12
2020-08-05,,,,,8.02,,,,,,,32.95,,,,89.13,,,12.12
2020-08-06,,,,,8.02,,,,,,,32.95,,,,89.13,,,12.12
2020-08-07,,,,,8.02,,,,,,,32.95,,,,89.13,,,12.12
2020-08-08,,,,,8.02,,,,,,,32.95,,,,89.13,,,12.12
2020-08-09,,,,,8.02,,,,,,,32.95,,,,89.13,,,12.12
2020-08-10,,,,,8.02,,,,,,,32.95,,,,89.13,,,12.12
2020-08-11,,,,,8.02,,,,,,,32.95,,,,89.13,,,12.12
2020-08-12,,,,,8.02,,,,,,,32.95,,,,89.13,,,12.12
2020-08-13,,,,,8.02,,,,,,,32.95,,,,89.13,,,12.12
2020-08-14,,,,,8.02,,,,,,,32.95,,,,89.13,,,12.12
2020-08-15,,,,,8.02,,,,,,,32.95,,,,89.13,,,12.12
2020-08-16,,,,,8.02,,,,,,,32.95,,,,89.13,,,12.12
2020-08-17,,,,,8.02,,,,,,,32.95,,,,89.13,,,12.12
2020-08-18,,,,,8.02,,,,,,,32.95,,,,89.13,,,12.12
2020-08-19,,,,,8.02,,,,,,,32.95,,,,89.13,,,12.12
2020-08-20,,,,,8.02,,,,,,,32.95,,,,89.13,,,12.12
2020-08-21,,,,,8.02,,,,,,,32.95,,,,89.13,,,12.12
2020-08-22,,,,,8.02,,,,,,,32.95,,,,89.13,,,12.12
2020-08-23,,,,,8.02,,,,,,,32.95,,,,89.13,,,12.12
2020-08-24,,,,,8.02,,,,,,,32.95,,,,89.13,,,12.12
2020-08-25,,,,,8.02,,,,,,,32.95,,,,89.13,,,12.12
2020-08-26,,,,,8.02,,,,,,,32.95,,,,89.13,,,12.12
2020-08-27,,,,,8.02,,,,,,,32.95,,,,89.13,,,12.12
2020-08-28,,,,,8.02,,,,,,,32.95,,,,89.13,,,12.12
2020-08-29,,,,,8.02,,,,,,,32.95,,,,89.13,,,12.12
2020-08-30,,,,,8.02,,,,,,,32.95,,,,89.13,,,12.12
2020-08-31,,,,,8.02,,,,,,,32.95,,,,89.13,,,12.12
2020-09-01,,,,,8.02,,,,,,,32.95,,,,89.13,,,12.12
2020-09-02,,,,,8.02,,,,,,,32.95,,,,89.13,,,12.12
2020-09-03,,,,,8.02,,,,,,,32.95,,,,89.13,,,12.12
2020-09-04,,,,,8.02,,,,,,,32.95,,,,89.13,,,12.12
2020-09-05,,,,,8.02,,,,,,,32.95,,,,89.13,,,12.12
2020-09-06,,,,,8.02,,,,,,,32.95,,,,89.13,,,12.12
2020-09-07,,,,,8.02,,,,,,,32.95,,,,89.13,,,12.12
2020-09-08,,,,,8.02,,,,,,,32.95,,,,89.13,,,12.12
2020-09-09,,,,,8.02,,,,,,,32.95,,,,89.13,,,12.12
2020-09-10,,,,,8.02,,,,,,,32.95,,,,89.13,,,12.12
2020-09-11,,,,,8.02,,,,,,,32.95,,,,89.13,,,12.12
2020-09-12,,,,,8.02,,,,,,,32.95,,,,89.13,,,12.12
2020-09-13,,,,,8.02,,,,,,,32.95,,,,89.13,,,12.12
2020-09-14,,,,,8.02,,,,,,,32.95,,,,89.13,,,12.12
2020-09-15,,,,,8.02,,,,,,,32.95,,,,89.13,,,12.12
2020-09-16,,,,,8.02,,,,,,,32.95,,,,89.13,,,12.12
2020-09-17,,,,,8.02,,,,,,,32.95,,,,89.13,,,12.12
2020-09-18,,,,,8.02,,,,,,,32.95,,,,89.13,,,12.12
2020-09-19,,,,,8.02,,,,,,,32.95,,,,89.13,,,12.12
2020-09-20,,,,,8.02,,,,,,,32.95,,,,89.13,,,12.12
2020-09-21,,,,,8.02,,,,,,,32.95,,,,89.13,,,12.12
2020-09-22,,,,,8.02,,,,,,,32.95,,,,89.13,,,12.12
2020-09-23,,,,,8.02,,,,,,,32.95,,,,89.13,,,12.12
2020-09-24,,,,,8.02,,,,,,,32.95,,,,89.13,,,12.12
2020-09-25,,,,,8.02,,,,,,,32.95,,,,89.13,,,12.12
2020-09-26,,,,,8.02,,,,,,,32.95,,,,89.13,,,12.12
2020-09-27,,,,,8.02,,,,,,,32.95,,,,89.13,,,12.12
2020-09-28,,,,,8.02,,,,,,,32.95,,,,89.13,,,12.12
2020-09-29,,,,,8.02,,,,,,,32.95,,,,89.13,,,12.12
2020-09-30,,,,,8.02,,,,,,,32.95,,,,89.13,,,12.12
2020-10-01,,,,,8.02,,,,,,,32.95,,,,89.13,,,12.12
2020-10-02,,,,,8.02,,,,,,,32.95,,,,89.13,,,12.12
2020-10-03,,,,,8.02,,,,,,,32.95,,,,89.13,,,12.12
2020-10-04,,,,,8.02,,,,,,,32.95,,,,89.13,,,12.12
2020-10-05,,,,,8.02,,,,,,,32.95,,,,89.13,,,12.12
2020-10-06,,,,,8.02,,,,,,,32.95,,,,89.13,,,12.12
2020-10-07,,,,,8.02,,,,,,,32.95,,,,89.13,,,12.12
2020-10-08,,,,,8.02,,,,,,,32.95,,,,89.13,,,12.12
2020-10-09,,,,,8.02,,,,,,,32.95,,,,89.13,,,12.12
2020-10-10,,,,,8.02,,,,,,,32.95,,,,89.13,,,12.12
2020-10-11,,,,,8.02,,,,,,,32.95,,,,89.13,,,12.12
2020-10-12,,,,,8.02,,,,,,,32.95,,,,89.13,,,12.12
2020-10-13,,,,,8.02,,,,,,,32.95,,,,89.13,,,12.12
2020-10-14,,,,,8.02,,,,,,,32.95,,,,89.13,,,12.12
2020-10-15,,,,,8.02,,,,,,,32.95,,,,89.13,,,12.12
2020-10-16,,,,,8.02,,,,,,,32.95,,,,89.13,,,12.12
2020-10-17,,,,,8.02,,,,,,,32.95,,,,89.13,,,12.12
2020-10-18,,,,,8.02,,,,,,,32.95,,,,89.13,,,12.12
2020-10-19,,,,,8.02,,,,,,,32.95,,,,89.13,,,12.12
2020-10-20,,,,,8.02,,,,,,,32.95,,,,89.13,,,12.12
2020-10-21,,,,,8.02,,,,,,,32.95,,,,89.13,,,12.12
2020-10-22,,,,,8.02,,,,,,,32.95,,,,89.13,,,12.12
2020-10-23,,,,,8.02,,,,,,,32.95,,,,89.13,,,12.12
2020-10-24,,,,,8.02,,,,,,,32.95,,,,89.13,,,12.12
2020-10-25,,,,,8.02,,,,,,,32.95,,,,89.13,,,12.12
2020-10-26,,,,,8.02,,,,,,,32.95,,,,89.13,,,12.12
2020-10-27,,,,,8.02,,,,,,,32.95,,,,89.13,,,12.12
2020-10-28,,,,,8.02,,,,,,,32.95,,,,89.13,,,12.12
2020-10-29,,,,,8.02,,,,,,,32.95,,,,89.13,,,12.12
2020-10-30,,,,,8.02,,,,,,,32.95,,,,89.13,,,12.12
2020-10-31,,,,,8.02,,,,,,,32.95,,,,89.13,,,12.12
2020-11-01,,,,,8.02,,,,,,,32.95,,,,89.13,,,12.12
2020-11-02,,,,,8.02,,,,,,,32.95,,,,89.13,,,12.12
2020-11-03,,,,,8.02,,,,,,,32.95,,,,89.13,,,12.12
2020-11-04,,,,,8.02,,,,,,,32.95,,,,89.13,,,12.12
2020-11-05,,,,,8.02,,,,,,,32.95,,,,89.13,,,12.12
2020-11-06,,,,,8.02,,,,,,,32.95,,,,89.13,,,12.12
2020-11-07,,,,,8.02,,,,,,,32.95,,,,89.13,,,12.12
2020-11-08,,,,,8.02,,,,,,,32.95,,,,89.13,,,12.12
2020-11-09,,,,,8.02,,,,,,,32.95,,,,89.13,,,12.12
2020-11-10,,,,,8.02,,,,,,,32.95,,,,89.13,,,12.12
2020-11-11,,,,,8.02,,,,,,,32.95,,,,89.13,,,12.12
2020-11-12,,,,,8.02,,,,,,,32.95,,,,89.13,,,12.12
2020-11-13,,,,,8.02,,,,,,,32.95,,,,89.13,,,12.12
2020-11-14,,,,,8.02,,,,,,,32.95,,,,89.13,,,12.12
2020-11-15,,,,,8.02,,,,,,,32.95,,,,89.13,,,12.12
2020-11-16,,,,,8.02,,,,,,,32.95,,,,89.13,,,12.12
2020-11-17,,,,,8.02,,,,,,,32.95,,,,89.13,,,12.12
2020-11-18,,,,,8.02,,,,,,,32.95,,,,89.13,,,12.12
2020-11-19,,,,,8.02,,,,,,,32.95,,,,89.13,,,12.12
2020-11-20,,,,,8.02,,,,,,,32.95,,,,89.13,,,12.12
2020-11-21,,,,,8.02,,,,,,,32.95,,,,89.13,,,12.12
2020-11-22,,,,,8.02,,,,,,,32.95,,,,89.13,,,12.12
2020-11-23,,,,,8.02,,,,,,,32.95,,,,89.13,,,12.12
2020-11-24,,,,,8.02,,,,,,,32.95,,,,89.13,,,12.12
2020-11-25,,,,,8.02,,,,,,,32.95,,,,89.13,,,12.12
2020-11-26,,,,,8.02,,,,,,,32.95,,,,89.13,,,12.12
2020-11-27,,,,,8.02,,,,,,,32.95,,,,89.13,,,12.12
2020-11-28,,,,,8.02,,,,,,,32.95,,,,89.13,,,12.12
2020-11-29,,,,,8.02,,,,,,,32.95,,,,89.13,,,12.12
2020-11-30,,,,,8.02,,,,,,,32.95,,,,89.13,,,12.12
2020-12-01,,,,,8.02,,,,,,,32.95,,,,89.13,,,12.12
2020-12-02,,,,,8.02,,,,,,,32.95,,,,89.13,,,12.12
2020-12-03,,,,,8.02,,,,,,,32.95,,,,89.13,,,12.12
2020-12-04,,,,,8.02,,,,,,,32.95,,,,89.13,,,12.12
2020-12-05,,,,,8.02,,,,,,,32.95,,,,89.13,,,12.12
2020-12-06,,,,,8.02,,,,,,,32.95,,,,89.13,,,12.12
2020-12-07,,,,,8.02,,,,,,,32.95,,,,89.13,,,12.12
2020-12-08,,,,,8.02,,,,,,,32.95,,,,89.13,,,12.12
2020-12-09,,,,,8.02,,,,,,,32.95,,,,89.13,,,12.12
2020-12-10,,,,,8.02,,,,,,,32.95,,,,89.13,,,12.12
2020-12-11,,,,,8.02,,,,,,,32.95,,,,89.13,,,12.12
2020-12-12,,,,,8.02,,,,,,,32.95,,,,89.13,,,12.12
2020-12-13,,,,,8.02,,,,,,,32.95,,,,89.13,,,12.12
2020-12-14,,,,,8.02,,,,,,,32.95,,,,89.13,,,12.12
2020-12-15,,,,,8.02,,,,,,,32.95,,,,89.13,,,12.12
2020-12-16,,,,,8.02,,,,,,,32.95,,,,89.13,,,12.12
2020-12-17,,,,,8.02,,,,,,,32.95,,,,89.13,,,12.12
2020-12-18,,,,,8.02,,,,,,,32.95,,,,89.13,,,12.12
2020-12-19,,,,,8.02,,,,,,,32.95,,,,89.13,,,12.12
2020-12-20,,,,,8.02,,,,,,,32.95,,,,89.13,,,12.12
2020-12-21,,,,,8.02,,,,,,,32.95,,,,89.13,,,12.12
2020-12-22,,,,,8.02,,,,,,,32.95,,,,89.13,,,12.12
2020-12-23,,,,,8.02,,,,,,,32.95,,,,89.13,,,12.12
2020-12-24,,,,,8.02,,,,,,,32.95,,,,89.13,,,12.12
2020-12-25,,,,,8.02,,,,,,,32.95,,,,89.13,,,12.12
2020-12-26,,,,,8.02,,,,,,,32.95,,,,89.13,,,12.12
2020-12-27,,,,,8.02,,,,,,,32.95,,,,89.13,,,12.12
2020-12-28,,,,,8.02,,,,,,,32.95,,,,89.13,,,12.12
2020-12-29,,,,,8.02,,,,,,,32.95,,,,89.13,,,12.12
2020-12-30,,,,,8.02,,,,,,,32.95,,,,89.13,,,12.12
2020-12-31,,,,,8.02,,,,,,,32.95,,,,89.13,,,12.12
2021-01-01,,,,,8.02,,,,,,,32.95,,,,89.13,,,12.12
2021-01-02,,,,,8.02,,,,,,,32.95,,,,89.13,,,12.12
2021-01-03,,,,,8.02,,,,,,,32.95,,,,89.13,,,12.12
2021-01-04,,,,,8.02,,,,,,,32.95,,,,89.13,,,12.12
2021-01-05,,,,,8.02,,,,,,,32.95,,,,89.13,,,12.12
2021-01-06,,,,,8.02,,,,,,,32.95,,,,89.13,,,12.12
2021-01-07,,,,,8.02,,,,,,,32.95,,,,89.13,,,12.12
2021-01-08,,,,,8.02,,,,,,,32.95,,,,89.13,,,12.12
2021-01-09,,,,,8.02,,,,,,,32.95,,,,89.13,,,12.12
2021-01-10,,,,,8.02,,,,,,,32.95,,,,89.13,,,12.12
2021-01-11,,,,,8.02,,,,,,,32.95,,,,89.13,,,12.12
2021-01-12,,,,,8.02,,,,,,,32.95,,,,89.13,,,12.12
2021-01-13,,,,,8.02,,,,,,,32.95,,,,89.13,,,12.12
2021-01-14,,,,,8.02,,,,,,,32.95,,,,89.13,,,12.12
2021-01-15,,,,,8.02,,,,,,,32.95,,,,89.13,,,12.12
2021-01-16,,,,,8.02,,,,,,,32.95,,,,89.13,,,12.12
2021-01-17,,,,,8.02,,,,,,,32.95,,,,89.13,,,12.12
2021-01-18,,,,,8.02,,,,,,,32.95,,,,89.13,,,12.12
2021-01-19,,,,,8.02,,,,,,,32.95,,,,89.13,,,12.12
2021-01-20,,,,,8.02,,,,,,,32.95,,,,89.13,,,12.12
2021-01-21,,,,,8.02,,,,,,,32.95,,,,89.13,,,12.12
2021-01-22,,,,,8.02,,,,,,,32.95,,,,89.13,,,12.12
2021-01-23,,,,,8.02,,,,,,,32.95,,,,89.13,,,12.12
2021-01-24,,,,,8.02,,,,,,,32.95,,,,89.13,,,12.12
2021-01-25,,,,,8.02,,,,,,,32.95,,,,89.13,,,12.12
2021-01-26,,,,,8.02,,,,,,,32.95,,,,89.13,,,12.12
2021-01-27,,,,,8.02,,,,,,,32.95,,,,89.13,,,12.12
2021-01-28,,,,,8.02,,,,,,,32.95,,,,89.13,,,12.12
2021-01-29,,,,,8.02,,,,,,,32.95,,,,89.13,,,12.12
2021-01-30,,,,,8.02,,,,,,,32.95,,,,89.13,,,12.12
2021-01-31,,,,,8.02,,,,,,,32.95,,,,89.13,,,12.12
2021-02-01,,,,,8.02,,,,,,,32.95,,,,89.13,,,12.12
2021-02-02,,,,,8.02,,,,,,,32.95,,,,89.13,,,12.12
2021-02-03,,,,,8.02,,,,,,,32.95,,,,89.13,,,12.12
2021-02-04,,,,,8.02,,,,,,,32.95,,,,89.13,,,12.12
2021-02-05,,,,,8.02,,,,,,,32.95,,,,89.13,,,12.12
2021-02-06,,,,,8.02,,,,,,,32.95,,,,89.13,,,12.12
2021-02-07,,,,,8.02,,,,,,,32.95,,,,89.13,,,12.12
2021-02-08,,,,,8.02,,,,,,,32.95,,,,89.13,90.0,,12.12
2021-02-09,,,41.82,,8.02,,,,,,162.52,32.95,,,,89.13,90.0,,12.12
2021-02-10,,,41.82,,8.02,,,,,,162.52,32.95,,,,89.13,90.0,,12.12
2021-02-11,,,41.82,,8.02,,,,,,162.52,32.95,,,,89.13,90.0,,12.12
2021-02-12,,,41.82,,8.02,,,,,,162.52,32.95,,,,89.13,90.0,,12.12
2021-02-13,,,41.82,,8.02,,,,,,162.52,32.95,,,,89.13,90.0,,12.12
2021-02-14,,,41.82,,8.02,,,,,,162.52,32.95,,,,89.13,90.0,,12.12
2021-02-15,,,41.82,,8.02,,,,,,162.52,32.95,,,,89.13,90.0,,12.12
2021-02-16,,,41.82,,8.02,,,,,,162.52,32.95,,,,89.13,90.0,,12.12
2021-02-17,,,41.82,,8.02,,,,,,162.52,32.95,,,,89.13,90.0,,12.12
2021-02-18,,,41.82,,8.02,,,,,,162.52,32.95,,,,89.13,90.0,,12.12
2021-02-19,,,41.82,,8.02,,,,,,162.52,32.95,,,,89.13,90.0,,12.12
2021-02-20,,,41.82,,8.02,,,,,,162.52,32.95,,,,89.13,90.0,,12.12
2021-02-21,,,41.82,,8.02,,,,,,162.52,32.95,,,,89.13,90.0,,12.12
2021-02-22,,,41.82,,8.02,,,,,,162.52,32.95,,,,89.13,90.0,,12.12
2021-02-23,,,41.82,,8.02,,,,,,162.52,32.95,,,,89.13,90.0,,12.12
2021-02-24,,,41.82,,8.02,,,,,,162.52,32.95,,,,89.13,90.0,,12.12
2021-02-25,,,41.82,,8.02,,,,,,162.52,32.95,,,,89.13,90.0,,12.12
2021-02-26,,,41.82,,8.02,,,,,,162.52,32.95,,,,89.13,90.0,,12.12
2021-02-27,,,41.82,,8.02,,,,,,162.52,32.95,,,,89.13,90.0,,12.12
2021-02-28,,,41.82,,8.02,,,,,,162.52,32.95,,,,89.13,90.0,,12.12
2021-03-01,,,41.82,,8.02,,,,,,162.52,32.95,,,,89.13,90.0,,12.12
2021-03-02,,,41.82,,8.02,,,,,,162.52,32.95,,,,89.13,90.0,,12.12
2021-03-03,,,41.82,,8.02,,,,,,162.52,32.95,,,,89.13,90.0,,12.12
2021-03-04,,,41.82,627.0,8.02,,,,,,162.52,32.95,,,,89.13,90.0,,12.12
2021-03-05,,,41.82,627.0,8.02,,,,,,162.52,32.95,,,,89.13,90.0,,12.12
2021-03-06,,,41.82,627.0,8.02,,,,,,162.52,32.95,,,,89.13,90.0,,12.12
2021-03-07,,,41.82,627.0,8.02,,,,,,162.52,32.95,,,,89.13,90.0,,12.12
2021-03-08,,,41.82,627.0,8.02,,,,,,162.52,32.95,,,,89.13,90.0,,12.12
2021-03-09,,,41.82,,8.02,,,,,,162.52,32.95,,,,89.13,90.0,,12.12
2021-03-10,,,41.82,,8.02,,,,,,162.52,32.95,,,,89.13,90.0,,12.12
2021-03-11,,,41.82,,8.02,,,,,,162.52,32.95,,,,89.13,90.0,,12.12
2021-03-12,,,41.82,,8.02,,,,,,162.52,32.95,,,,89.13,90.0,,12.12
2021-03-13,,,41.82,,8.02,,,,,,162.52,32.95,,,,89.13,90.0,,12.12
2021-03-14,,,41.82,,8.02,,,,,,162.52,32.95,,,,89.13,90.0,,12.12
2021-03-15,,,41.82,,8.02,,,,,,162.52,32.95,,,,89.13,90.0,,12.12
2021-03-16,,,41.82,,8.02,,,,,,162.52,32.95,,,,89.13,90.0,,12.12
2021-03-17,,,41.82,,8.02,,,,,,162.52,32.95,,,,89.13,90.0,,12.12
2021-03-18,,,41.82,,8.02,,,,,,162.52,32.95,,,,89.13,90.0,,12.12
2021-03-19,,,41.82,,8.02,,,,,,162.52,32.95,,,,89.13,90.0,,12.12
2021-03-20,,,41.82,,8.02,,,,,,162.52,32.95,,,,89.13,90.0,,12.12
2021-03-21,,,41.82,,8.02,,,,,,162.52,32.95,,,,89.13,90.0,,12.12
2021-03-22,,,41.82,,8.02,,,,,,162.52,32.95,,,,89.13,90.0,,12.12
2021-03-23,,,41.82,,8.02,,,,,,162.52,32.95,,,,89.13,90.0,,12.12
2021-03-24,,,41.82,,8.02,,,,,,162.52,32.95,,,,89.13,90.0,,12.12
2021-03-25,,,41.82,,8.02,,,,,,162.52,32.95,,,,89.13,90.0,,12.12
2021-03-26,,,41.82,,8.02,,,,,,162.52,32.95,,,,89.13,90.0,,12.12
2021-03-27,,,41.82,,8.02,,,,,,162.52,32.95,,,,89.13,90.0,,12.12
2021-03-28,,,41.82,,8.02,,,,,,162.52,32.95,,,,89.13,90.0,,12.12
2021-03-29,,,41.82,,8.02,,,,,,162.52,32.95,,,,89.13,90.0,,12.12
2021-03-30,,,41.82,,8.02,,,,,,162.52,32.95,,,,89.13,90.0,,12.12
2021-03-31,,,41.82,,8.02,,,,,,162.52,32.95,,,,89.13,90.0,,12.12
2021-04-01,,,41.82,,8.02,,,,,,162.52,32.95,,,,89.13,90.0,,12.12
2021-04-02,,,41.82,,8.02,,,,,,162.52,32.95,,,,89.13,90.0,,12.12
2021-04-03,,,41.82,,8.02,,,,,,162.52,32.95,,,,89.13,90.0,,12.12
2021-04-04,,,41.82,,8.02,,,,,,162.52,32.95,,,,89.13,90.0,,12.12
2021-04-05,,,41.82,,8.02,,,,,,162.52,32.95,,,,89.13,90.0,,12.12
2021-04-06,,,41.82,,8.02,,,,,,162.52,32.95,,,,89.13,90.0,,12.12
2021-04-07,,,41.82,,8.02,,,,,,162.52,32.95,,,,89.13,90.0,,12.12
2021-04-08,,,41.82,,8.02,,,,,,162.52,32.95,,,,89.13,90.0,,12.12
2021-04-09,,,41.82,,8.02,,,,,,162.52,32.95,,,,89.13,90.0,,12.12
2021-04-10,,,41.82,,8.02,,,,,,162.52,32.95,,,,89.13,90.0,,12.12
2021-04-11,,,41.82,,8.02,,,,,,162.52,32.95,,,,89.13,90.0,,12.12
2021-04-12,,,41.82,,8.02,1434.6,,,,,162.52,32.95,,,,178.34,90.0,,12.12
2021-04-12,,,41.82,,8.02,1434.19,,,,,162.52,32.95,,,,178.34,90.0,,12.12
2021-04-13,,,41.82,,8.02,1434.19,,,,,162.52,32.95,,,,178.34,90.0,,12.12
2021-04-14,,,41.82,,8.02,1434.19,,,,,162.52,32.95,,,,178.34,90.0,,12.12
2021-04-15,,,41.82,,8.02,1434.19,,,,,162.52,32.95,,,,178.34,90.0,,12.12
2021-04-16,,,41.82,,8.02,1434.19,,,,,162.52,32.95,,,,178.34,90.0,,12.12
2021-04-17,,,41.82,,8.02,1434.19,,,,,162.52,32.95,,,,178.34,90.0,,12.12
2021-04-18,,,41.82,,8.02,1434.19,,,,,162.52,32.95,,,,178.34,90.0,,12.12
2021-04-19,,,41.82,,8.02,1434.19,,,,,162.52,32.95,,,,178.34,90.0,,12.12
2021-04-20,,,41.82,,8.02,1434.19,,,,,162.52,32.95,,,,178.34,90.0,,12.12
2021-04-21,,,41.82,,8.02,1434.19,,,,,162.52,32.95,,,,178.34,90.0,,12.12
2021-04-22,,,41.82,,8.02,1434.19,,,,,162.52,32.95,,,,178.34,90.0,,12.12
2021-04-23,,,41.82,,8.02,1434.19,,,,,162.52,32.95,,,,178.34,90.0,,12.12
2021-04-24,,,41.82,,8.02,1434.19,,,,,162.52,32.95,,,,178.34,90.0,,12.12
2021-04-25,,,41.82,,8.02,1434.19,,,,,162.52,32.95,,,,178.34,90.0,,12.12
2021-04-26,,,41.82,,8.02,1434.19,,,,,162.52,32.95,,,,178.34,90.0,,12.12
2021-04-27,,,41.82,,8.02,1434.19,,,,,162.52,32.95,,,,178.34,90.0,,12.12
2021-04-28,,,41.82,,8.02,1434.19,,,,,162.52,32.95,,,,178.34,90.0,,12.12
2021-04-29,,,41.82,,8.02,1434.19,,,,,162.52,32.95,,,,178.34,90.0,,12.12
2021-04-30,,,41.82,,8.02,1434.19,,,,,162.52,32.95,,,,178.34,90.0,,12.12
2021-05-01,,,41.82,,8.02,1434.19,,,,,162.52,32.95,,,,178.34,90.0,,12.12
2021-05-02,,,41.82,,8.02,1434.19,,,,,162.52,32.95,,,,178.34,90.0,,12.12
2021-05-03,,,41.82,,8.02,1434.19,,,,,162.52,32.95,,,,178.34,90.0,,12.12
2021-05-04,,,41.82,,8.02,1434.19,,,,,162.52,32.95,,,,178.34,90.0,,12.12
2021-05-05,,,41.82,,8.02,1434.19,,,,,162.52,32.95,,,,178.34,90.0,,12.12
2021-05-06,,,41.82,,8.02,1434.19,,,,,162.52,32.95,,,,178.34,90.0,,12.12
2021-05-07,,,41.82,,8.02,1434.19,,,,,162.52,32.95,,,,178.34,90.0,,12.12
2021-05-08,,,41.82,,8.02,1434.19,,,,,162.52,32.95,,,,178.34,90.0,,12.12
2021-05-09,,,41.82,,8.02,1434.19,,,,,162.52,32.95,,,,178.34,90.0,,12.12
2021-05-10,,,41.82,,8.02,1434.19,,,,,162.52,32.95,,365.0,,178.34,90.0,,12.12
2021-05-11,,,41.82,,8.02,1434.19,,,,,162.52,32.95,,365.0,,178.34,90.0,,12.12
2021-05-12,,,41.82,,8.02,1434.19,,,,,162.52,32.95,,365.0,,178.34,90.0,,12.12
2021-05-13,,,41.82,,8.02,1434.19,,,,,162.52,32.95,,365.0,,178.34,90.0,,12.12
2021-05-14,,,41.82,,8.02,1434.19,,,,,162.52,32.95,,365.0,,178.34,90.0,,12.12
2021-05-15,,,41.82,,8.02,1434.19,,,,,162.52,32.95,,365.0,,178.34,90.0,,12.12
2021-05-16,,,41.82,,8.02,1434.19,,,,,162.52,32.95,,365.0,,178.34,90.0,,12.12
2021-05-17,,,41.82,,8.02,1434.19,,,,,162.52,32.95,,365.0,,178.34,90.0,,12.12
2021-05-18,,,41.82,,8.02,1434.19,,,,,162.52,32.95,,365.0,,178.34,90.0,,12.12
2021-05-19,,,41.82,,8.02,1434.19,,,,,162.52,32.95,,365.0,,178.34,90.0,,12.12
2021-05-20,,,41.82,,8.02,1434.19,,,,,162.52,32.95,,365.0,,178.34,90.0,,12.12
2021-05-21,,,41.82,,8.02,1434.19,,,,,162.52,32.95,,365.0,,178.34,90.0,,12.12
2021-05-22,,,41.82,,8.02,1434.19,,,,,162.52,32.95,,365.0,,178.34,90.0,,12.12
2021-05-23,,,41.82,,8.02,1434.19,,,,,162.52,32.95,,365.0,,178.34,90.0,,12.12
2021-05-24,,,41.82,,8.02,1434.19,,,,,162.52,32.95,,365.0,,178.34,90.0,,12.12
2021-05-25,,,41.82,,8.02,1434.19,,,,,162.52,32.95,,365.0,,178.34,90.0,,12.12
2021-05-26,,,41.82,,8.02,1434.19,,,,,162.52,32.95,,365.0,,178.34,90.0,,12.12
2021-05-27,,,41.82,,8.02,1434.19,,,,,162.52,32.95,,365.0,,178.34,90.0,,12.12
2021-05-28,,,41.82,,8.02,1434.19,,,,,162.52,32.95,,365.0,,178.34,90.0,,12.12
2021-05-29,,,41.82,,8.02,1434.19,,,,,162.52,32.95,,365.0,,178.34,90.0,,12.12
2021-05-30,,,41.82,,8.02,1434.19,,,,,162.52,32.95,,365.0,,178.34,90.0,,12.12
2021-05-31,,,41.82,,8.02,1434.19,,,,,162.52,32.95,,365.0,,178.34,90.0,,12.12
2021-06-01,,,41.82,,8.02,1434.19,,,,,162.52,32.95,,365.0,,178.34,90.0,,12.12
2021-06-02,,,41.82,,8.02,1434.19,,,,,162.52,32.95,,365.0,,178.34,90.0,,12.12
2021-06-03,,,41.82,,8.02,1434.19,,,,,162.52,32.95,,365.0,,178.34,90.0,,12.12
2021-06-04,,,,,8.02,1434.19,,,,,162.52,32.95,,,,178.34,90.0,,12.12
2021-06-05,,,,,8.02,1434.19,,,,,162.52,32.95,,,,178.34,90.0,,12.12
2021-06-06,,,,,8.02,1434.19,,,,,162.52,32.95,,,,178.34,90.0,,12.12
2021-06-07,,,,,8.02,1434.19,,,,,162.52,32.95,,,,178.34,90.0,,12.12
2021-06-08,,,,,8.02,1434.19,,,,,162.52,32.95,,,,178.34,90.0,,12.12
2021-06-09,,,,,8.02,1434.19,,,,,162.52,32.95,,,,178.34,90.0,,12.12
2021-06-10,,,,,8.02,1434.19,,,,,162.52,32.95,,,,178.34,90.0,,12.12
2021-06-11,,,,,8.02,1434.19,,,,,162.52,32.95,,,,178.34,90.0,,12.12
2021-06-12,,,,,8.02,1434.19,,,,,162.52,32.95,,,,178.34,90.0,,12.12
2021-06-13,,,,,8.02,1434.19,,,,,162.52,32.95,,,,178.34,90.0,,12.12
2021-06-14,,,,,,,,,,,,,,,,178.34,90.0,,12.12
2021-06-15,,,,,,,,,,,,,,,751.2,178.34,90.0,1059.0,12.12
2021-06-16,,,,,,,,,,,,,,,751.2,178.34,90.0,1059.0,12.12
2021-06-17,,,,,,,,,,,,,,,751.2,178.34,90.0,1059.0,12.12
2021-06-18,,,,,,,,,,,,,,,751.2,178.34,90.0,1059.0,12.12
2021-06-19,,,,,,,,,,,,,,,751.2,178.34,90.0,1059.0,12.12
2021-06-20,,,,,,,,,,,,,,,751.2,178.34,90.0,1059.0,12.12
2021-06-21,,,,,,,,,,,,,,,751.2,178.34,90.0,1059.0,12.12
2021-06-22,,,,,,,,,,,,,,,751.2,178.34,90.0,1059.0,12.12
2021-06-23,,,,,,,,,,,,,,,751.2,178.34,90.0,1059.0,12.12
2021-06-24,,,,,,,,,,,,,,,751.2,178.34,90.0,1059.0,12.12
2021-06-25,,,,,,,,,,,,,,,751.2,178.34,90.0,1059.0,12.12
2021-06-26,,,,,,,,,,,,,,,751.2,178.34,90.0,1059.0,12.12
2021-06-27,,,,,,,,,,,,,,,751.2,178.34,90.0,1059.0,12.12
2021-06-28,,,,,,,,,,,,,,,751.2,178.34,90.0,1059.0,12.12
2021-06-29,,,,,,,,,,,,,,,751.2,178.34,90.0,1059.0,12.12
2021-06-30,,,,,,,,,,,,,,,751.2,178.34,90.0,1059.0,12.12
2021-07-01,,,,,,,,,,,,,,,751.2,178.34,90.0,1059.0,12.12
2021-07-02,,,,,,,,,,,,,,,751.2,178.34,90.0,1059.0,12.12
2021-07-03,,,,,,,,,,,,,,,751.2,178.34,90.0,1059.0,12.12
2021-07-04,,,,,,,,,,,,,,,751.2,178.34,90.0,1059.0,12.12
2021-07-05,,,,,,,,,,,,,,,751.2,178.34,90.0,1059.0,12.12
2021-07-06,,,,,,,,,,,,,,,751.2,178.34,90.0,1059.0,12.12
2021-07-07,,,,,,,,,,,,,,,751.2,178.34,90.0,1059.0,12.12
2021-07-08,,,,,,,,,,,,,,,751.2,178.34,90.0,1059.0,12.12
2021-07-09,,,,,,,,,,,,,,,751.2,178.34,90.0,1059.0,12.12
2021-07-10,,,,,,,,,,,,,,,751.2,178.34,90.0,1059.0,12.12
2021-07-11,,,,,,,,,,,,,,,751.2,178.34,90.0,1059.0,12.12
2021-07-12,,,,,,,,,,,,,,,751.2,178.34,90.0,1059.0,12.12
2021-07-13,,,,,,,,,,,,,,,751.2,178.34,90.0,1059.0,12.12
2021-07-14,,,,,,,,,,,,,,,751.2,178.34,90.0,1059.0,12.12
2021-07-15,,,,,,,,,,,,,,,751.2,178.34,90.0,1059.0,12.12
2021-07-16,,,,,,,,,,,,,,,751.2,178.34,90.0,1059.0,12.12
2021-07-17,,,,,,,,,,,,,,,751.2,178.34,90.0,1059.0,12.12
2021-07-18,,,,,,,,,,,,,,,751.2,178.34,90.0,1059.0,12.12
2021-07-19,,,,,,,,,,,,,,,751.2,178.34,90.0,1059.0,12.12
2021-07-20,,,,,,,,,,,,,,,751.2,178.34,90.0,1059.0,12.12
2021-07-21,,,,,,,,,,,,,,,751.2,178.34,90.0,1059.0,12.12
2021-07-22,,,,,,,,,,,,,,,751.2,178.34,90.0,1059.0,12.12
2021-07-23,,,,,,,,,,,,,,,751.2,178.34,90.0,1059.0,12.12
2021-07-24,,,,,,,,,,,,,,,751.2,178.34,90.0,1059.0,12.12
2021-07-25,,,,,,,,,,,,,,,751.2,178.34,90.0,1059.0,12.12
2021-07-26,,,,,,,,,,,,,,,751.2,178.34,90.0,1059.0,12.12
2021-07-27,,,,,,,,,,,,,,,751.2,178.34,90.0,1059.0,12.12
2021-07-28,,,,,,,,,,,,,,,751.2,178.34,90.0,1059.0,12.12
2021-07-29,,,,,,,,,,,,,,,751.2,178.34,90.0,1059.0,12.12
2021-07-30,,,,,,,,,,,,,,,751.2,178.34,90.0,1059.0,12.12
2021-07-31,,,,,,,,,,,,,,,751.2,178.34,90.0,1059.0,12.12
2021-08-01,,,,,,,,,,,,,,,751.2,178.34,90.0,1059.0,12.12
2021-08-02,,,,,,,,,,,,,,,751.2,178.34,90.0,1059.0,12.12
2021-08-03,,,,,,,,,,,,,,,751.2,178.34,90.0,1059.0,12.12
2021-08-04,,,,,,,,,,,,,,,751.2,178.34,90.0,1059.0,12.12
2021-08-05,,,,,,,,,,,,,,,751.2,178.34,90.0,1059.0,12.12
2021-08-06,,457.0,,,,,,,,,,,,,751.2,178.34,90.0,1059.0,12.12
2021-08-07,,457.0,,,,,,,,,,,,,751.2,178.34,90.0,1059.0,12.12
2021-08-08,,457.0,,,,,,,,,,,,,751.2,178.34,90.0,1059.0,12.12
2021-08-09,,457.0,,,,,,,,,,,,,751.2,178.34,90.0,1059.0,12.12
2021-08-10,,457.0,,,,,,,,,,,,,751.2,178.34,90.0,1059.0,12.12
2021-08-11,,457.0,,,,,,,,,,,,,751.2,178.34,90.0,1059.0,12.12
2021-08-12,,457.0,,,,,,,,,,,,,751.2,178.34,90.0,1059.0,12.12
2021-08-13,,457.0,,,,,,,,,,,,,751.2,178.34,90.0,1059.0,12.12
2021-08-14,,457.0,,,,,,,,,,,,,751.2,178.34,90.0,1059.0,12.12
2021-08-15,,457.0,,,,,,,,,,,,,751.2,178.34,90.0,1059.0,12.12
2021-08-16,,457.0,,,,,,,,,,,,,751.2,178.34,90.0,1059.0,12.12
2021-08-17,,457.0,,,,,,,,,,,,,751.2,178.34,90.0,1059.0,12.12
2021-08-18,,457.0,,,,,,,,,,,,,751.2,178.34,90.0,1059.0,12.12
2021-08-19,,457.0,,,,,,,,,,,,,751.2,178.34,90.0,1059.0,12.12
2021-08-20,,457.0,,,,,,,,,,,,,751.2,178.34,90.0,1059.0,12.12
2021-08-21,,457.0,,,,,,,,,,,,,751.2,178.34,90.0,1059.0,12.12
2021-08-22,,457.0,,,,,,,,,,,,,751.2,178.34,90.0,1059.0,12.12
2021-08-23,,457.0,,,,,,,,,,,,,751.2,178.34,90.0,1059.0,12.12
2021-08-24,,457.0,,,,,,,,,,,,,751.2,178.34,90.0,1059.0,12.12
2021-08-25,,457.0,,,,,,,,,,,,,751.2,178.34,90.0,1059.0,12.12
2021-08-26,,457.0,,,,,,,,,,,,,751.2,178.34,90.0,1059.0,12.12
2021-08-27,,457.0,,,,,,,,,,,,,751.2,178.34,90.0,1059.0,12.12
2021-08-28,,457.0,,,,,,,,,,,,,751.2,178.34,90.0,1059.0,12.12
2021-08-29,,457.0,,,,,,,,,,,,,751.2,178.34,90.0,1059.0,12.12
2021-08-30,,457.0,,,,,,,,,,,,,751.2,178.34,90.0,1059.0,12.12
2021-08-31,,457.0,,,,,,,,,,,,,751.2,178.34,90.0,1059.0,12.12
2021-09-01,,457.0,,,,,,,,,,,,,751.2,178.34,90.0,1059.0,12.12
2021-09-02,,457.0,,,,,,,,,,,,,751.2,178.34,90.0,1059.0,12.12
2021-09-03,,457.0,,,,,,,,,,,,,751.2,178.34,90.0,1059.0,12.12
2021-09-04,,457.0,,,,,,,,,,,,,751.2,178.34,90.0,1059.0,12.12
2021-09-05,,457.0,,,,,,,,,,,,,751.2,178.34,90.0,1059.0,12.12
2021-09-06,,457.0,,,,,,,,,,,,,751.2,178.34,90.0,1059.0,12.12
2021-09-07,,457.0,,,,,,,,,,,,,751.2,178.34,90.0,1059.0,12.12
2021-09-08,,457.0,,,,,,,,,,,,,751.2,178.34,90.0,1059.0,12.12
2021-09-09,,457.0,,,,,,,,,,,,,751.2,178.34,90.0,1059.0,12.12
2021-09-10,,457.0,,,,,,,,,,,,,751.2,178.34,90.0,1059.0,12.12
2021-09-11,,457.0,,,,,,,,,,,,,751.2,178.34,90.0,1059.0,12.12
2021-09-12,,457.0,,,,,,,,,,,,,751.2,178.34,90.0,1059.0,12.12
2021-09-13,,457.0,,,,,,,,,,,,,751.2,178.34,90.0,1059.0,12.12
2021-09-14,,457.0,,,,,,,,,,,,,751.2,178.34,90.0,1059.0,12.12
2021-09-15,,457.0,,,,,,,,,,,,,751.2,178.34,90.0,1059.0,12.12
2021-09-16,,457.0,,,,,,,,,,,,,751.2,178.34,90.0,1059.0,12.12
2021-09-17,,457.0,,,,,,,,,,,,,751.2,178.34,90.0,1059.0,12.12
2021-09-18,,457.0,,,,,,,,,,,,,751.2,178.34,90.0,1059.0,12.12
2021-09-19,,457.0,,,,,,,,,,,,,751.2,178.34,90.0,1059.0,12.12
2021-09-20,,457.0,,,,,,,,,,,,,751.2,178.34,90.0,1059.0,12.12
2021-09-21,,457.0,,,,,,,,,,,,,751.2,178.34,90.0,1059.0,12.12
2021-09-22,,457.0,,,,,,,,,,,,,751.2,178.34,90.0,1059.0,12.12
2021-09-23,,457.0,,,,,,,,,,,,,751.2,178.34,90.0,1059.0,12.12
2021-09-24,,457.0,,,,,,,,,,,,,751.2,178.34,90.0,1059.0,12.12
2021-09-25,,457.0,,,,,,,,,,,,,751.2,178.34,90.0,1059.0,12.12
2021-09-26,,457.0,,,,,,,,,,,,,751.2,178.34,90.0,1059.0,12.12
2021-09-27,,457.0,,,,,,,,,,,,,751.2,178.34,90.0,1059.0,12.12
2021-09-28,,457.0,,,,,,,,,,,,,751.2,178.34,90.0,1059.0,12.12
2021-09-29,,457.0,,,,,,,,,,,,,751.2,178.34,90.0,1059.0,12.12
2021-09-30,,457.0,,,,,,,,,,,,,751.2,178.34,90.0,1059.0,12.12
2021-10-01,,457.0,,,,,,,,,,,,,751.2,178.34,90.0,1059.0,12.12
2021-10-02,,457.0,,,,,,,,,,,,,751.2,178.34,90.0,1059.0,12.12
2021-10-03,,457.0,,,,,,,,,,,,,751.2,178.34,90.0,1059.0,12.12
2021-10-04,,457.0,,,,,,,,,,,,,751.2,178.34,90.0,1059.0,12.12
2021-10-05,,457.0,,,,,,,,,,,,,751.2,178.34,90.0,1059.0,12.12
2021-10-06,,457.0,,,,,,,,,,,,,751.2,178.34,90.0,1059.0,12.12
2021-10-07,,457.0,,,,,,,,,,,,,751.2,178.34,90.0,1059.0,12.12
2021-10-08,,457.0,,,,,,,,,,,,,751.2,178.34,90.0,1059.0,12.12
2021-10-09,,457.0,,,,,,,,,,,,,751.2,178.34,90.0,1059.0,12.12
2021-10-10,,457.0,,,,,,,,,,,,,751.2,178.34,90.0,1059.0,12.12
2021-10-11,,457.0,,,,,,,,,,,,,751.2,178.34,90.0,1059.0,12.12
2021-10-12,,457.0,,,,,,,,,,,,,751.2,178.34,90.0,1059.0,12.12
2021-10-13,,457.0,,,,,,,,,,,,,751.2,178.34,90.0,1059.0,12.12
2021-10-14,,457.0,,,,,,,,,,,,,751.2,178.34,90.0,1059.0,12.12
2021-10-15,,457.0,,,,,,,,,,,,,751.2,178.34,90.0,1059.0,12.12
2021-10-16,,457.0,,,,,,,,,,,,,751.2,178.34,90.0,1059.0,12.12
2021-10-17,,457.0,,,,,,,,,,,,,751.2,178.34,90.0,1059.0,12.12
2021-10-18,,457.0,,,,,,,,,,,,,751.2,178.34,90.0,1059.0,12.12
2021-10-19,,457.0,,,,,,,,,,,,,751.2,178.34,90.0,1059.0,12.12
2021-10-20,,457.0,,,,,,,,,,,,,751.2,178.34,90.0,1059.0,12.12
2021-10-21,,457.0,,,,,,,,,,,,,751.2,178.34,90.0,1059.0,12.12
2021-10-22,,457.0,,,,,,,,,,,,,751.2,178.34,90.0,1059.0,12.12
2021-10-23,,457.0,,,,,,,,,,,,,751.2,178.34,90.0,1059.0,12.12
2021-10-24,,457.0,,,,,,,,,,,,,751.2,178.34,90.0,1059.0,12.12
2021-10-25,,457.0,,,,,,,,,,,,,751.2,178.34,90.0,1059.0,12.12
2021-10-26,,457.0,,,,,,,,,,,,,751.2,178.34,90.0,1059.0,12.12
2021-10-27,,457.0,,,,,,,,,,,,,751.2,178.34,90.0,1059.0,12.12
2021-10-28,,457.0,,,,,,,,,,,,,751.2,178.34,90.0,1059.0,12.12
2021-10-29,,457.0,,,,,,,,,,,,,751.2,178.34,90.0,1059.0,12.12
2021-10-30,,457.0,,,,,,,,,,,,,751.2,178.34,90.0,1059.0,12.12
2021-10-31,,457.0,,,,,,,,,,,,,751.2,178.34,90.0,1059.0,12.12
2021-11-01,,457.0,,,,,,,,,,,,,751.2,178.34,90.0,1059.0,12.12
2021-11-02,,457.0,,,,,,,,,,,,,751.2,178.34,90.0,1059.0,12.12
2021-11-03,,457.0,,,,,,,,,,,,,751.2,178.34,90.0,1059.0,12.12
2021-11-04,,457.0,,,,,,,,,,,,,751.2,178.34,90.0,1059.0,12.12
2021-11-05,,457.0,,,,,,,,,,,,,751.2,178.34,90.0,1059.0,12.12
2021-11-06,,457.0,,,,,,,,,,,,,751.2,178.34,90.0,1059.0,12.12
2021-11-07,,457.0,,,,,,,,,,,,,751.2,178.34,90.0,1059.0,12.12
2021-11-08,,457.0,,,,,,,,,,,,,751.2,178.34,90.0,1059.0,12.12
2021-11-09,,457.0,,,,,,,,,,,,,751.2,178.34,90.0,1059.0,12.12
2021-11-10,,457.0,,,,,,,,,,,,,751.2,178.34,90.0,1059.0,
2021-11-11,,457.0,,,,,,,,,,,,,751.2,178.34,90.0,1059.0,
2021-11-12,,457.0,,,,,,,,,,,,,751.2,178.34,90.0,1059.0,
2021-11-13,,457.0,,,,,,,,,,,,,751.2,178.34,90.0,1059.0,
2021-11-14,,457.0,,,,,,,,,,,,,751.2,178.34,90.0,1059.0,
2021-11-15,,457.0,,,,,,,,,,,,,751.2,178.34,90.0,1059.0,
2021-11-16,,457.0,,,,,,,,,,,,,751.2,178.34,90.0,1059.0,
2021-11-17,,457.0,,,,,,,,,,,,,751.2,178.34,90.0,1059.0,
2021-11-18,,457.0,,,,,,,,,,,,,751.2,178.34,90.0,1059.0,
2021-11-19,,457.0,,,,,,,,,,,,,751.2,178.34,90.0,1059.0,
2021-11-20,,457.0,,,,,,,,,,,,,751.2,178.34,90.0,1059.0,
2021-11-21,,457.0,,,,,,,,,,,,,751.2,178.34,90.0,1059.0,
2021-11-22,,457.0,,,,,,,,,,,,,751.2,178.34,90.0,1059.0,
2021-11-23,,457.0,,,,,,,,,,,,,751.2,178.34,90.0,1059.0,
2021-11-24,,457.0,,,,,,,,,,,,,751.2,178.34,90.0,1059.0,
2021-11-25,,457.0,,,,,,,,,,,,,751.2,178.34,90.0,1059.0,
2021-11-26,,457.0,,,,,,,,,,,,,751.2,178.34,90.0,1059.0,
2021-11-27,,457.0,,,,,,,,,,,,,751.2,178.34,90.0,1059.0,
2021-11-28,,457.0,,,,,,,,,,,,,751.2,178.34,90.0,1059.0,
2021-11-29,,457.0,,,,,,,,,,,,,751.2,178.34,90.0,1059.0,
2021-11-30,,457.0,,,,,,,,,,,,,751.2,178.34,90.0,1059.0,
2021-12-01,,457.0,,,,,,,,,,,,,751.2,178.34,90.0,1059.0,
2021-12-02,,457.0,,,,,,,,,,,,,751.2,178.34,90.0,1059.0,
2021-12-03,,457.0,,,,,,,,,,,,,751.2,178.34,90.0,1059.0,
2021-12-04,,457.0,,,,,,,,,,,,,751.2,178.34,90.0,1059.0,
2021-12-05,,457.0,,,,,,,,,,,,,751.2,178.34,90.0,1059.0,
2021-12-06,,457.0,,,,,,,,,,,,,751.2,178.34,90.0,1059.0,
2021-12-07,,457.0,,,,,,,,,,,,,751.2,178.34,90.0,1059.0,
2021-12-08,,457.0,,,,,,,,,,,,,751.2,178.34,90.0,1059.0,
2021-12-09,,457.0,,,,,,,,,,,,,751.2,178.34,90.0,1059.0,
2021-12-10,,457.0,,,,,,,,,,,,,751.2,178.34,90.0,1059.0,
2021-12-11,,457.0,,,,,,,,,,,,,751.2,178.34,90.0,1059.0,
2021-12-12,,457.0,,,,,,,,,,,,,751.2,178.34,90.0,1059.0,
2021-12-13,,457.0,,,,,,,,,,,,,751.2,178.34,90.0,1059.0,
2021-12-14,,457.0,,,,,,,,,,,,,751.2,178.34,90.0,1059.0,
2021-12-15,,457.0,,,,,,,,,,,,,751.2,178.34,90.0,1059.0,
2021-12-16,,457.0,,,,,,,,,,,,,751.2,178.34,90.0,1059.0,
2021-12-17,,457.0,,,,,,,,,,,,,751.2,178.34,90.0,1059.0,
2021-12-18,,457.0,,,,,,,,,,,,,751.2,178.34,90.0,1059.0,
2021-12-19,,457.0,,,,,,,,,,,,,751.2,178.34,90.0,1059.0,
2021-12-20,,457.0,,,,,,,,,,,,,751.2,178.34,90.0,1059.0,
2021-12-21,,457.0,,,,,,,,,,,,,751.2,178.34,90.0,1059.0,
2021-12-22,,457.0,,,,,,,,,,,,,751.2,178.34,90.0,1059.0,
2021-12-23,,457.0,,,,,,,,,,,,,751.2,178.34,90.0,1059.0,
2021-12-24,,457.0,,,,,,,,,,,,,751.2,178.34,90.0,1059.0,
2021-12-25,,457.0,,,,,,,,,,,,,751.2,178.34,90.0,1059.0,
2021-12-26,,457.0,,,,,,,,,,,,,751.2,178.34,90.0,1059.0,
2021-12-27,,457.0,,,,,,,,,,,,,751.2,178.34,90.0,1059.0,
2021-12-28,,457.0,,,,,,,,,,,,,751.2,178.34,90.0,1059.0,
2021-12-29,,457.0,,,,,,,,,,,,,751.2,178.34,90.0,1059.0,
2021-12-30,,457.0,,,,,,,,,,,,,751.2,178.34,90.0,1059.0,
2021-12-31,,457.0,,,,,,,,,,,,,751.2,178.34,90.0,1059.0,
2022-01-01,,457.0,,,,,,,,,,,,,751.2,178.34,90.0,1059.0,
2022-01-02,,457.0,,,,,,,,,,,,,751.2,178.34,90.0,1059.0,
2022-01-03,,457.0,,,,,,,,,,,,,751.2,178.34,90.0,1059.0,
2022-01-04,,457.0,,,,,,,,,,,,,751.2,178.34,90.0,1059.0,
2022-01-05,,457.0,,,,,,,,,,,,,751.2,178.34,90.0,1059.0,
2022-01-06,,457.0,,,,,,,,,,,,,751.2,178.34,90.0,1059.0,
2022-01-07,,457.0,,,,,,,,,,,,,751.2,178.34,90.0,1059.0,
2022-01-08,,457.0,,,,,,,,,,,,,751.2,178.34,90.0,1059.0,
2022-01-09,,457.0,,,,,,,,,,,,,751.2,178.34,90.0,1059.0,
2022-01-10,,457.0,,,,,,,,,,,,,751.2,178.34,90.0,1059.0,
2022-01-11,,457.0,,,,,,,,,,,,,751.2,178.34,90.0,1059.0,
2022-01-12,,457.0,,,,,,,,,,,,,751.2,178.34,90.0,1059.0,
2022-01-13,,457.0,,,,,,,,,,,,,751.2,178.34,90.0,1059.0,
2022-01-14,,457.0,,,,,,,,,,,,,751.2,178.34,90.0,1059.0,
2022-01-15,,457.0,,,,,,,,,,,,,751.2,178.34,90.0,1059.0,
2022-01-16,,457.0,,,,,,,,,,,,,751.2,178.34,90.0,1059.0,
2022-01-17,,457.0,,,,,,,,,,,,,751.2,178.34,90.0,1059.0,
2022-01-18,,457.0,,,,,,,,,,,,,751.2,178.34,90.0,1059.0,
2022-01-19,,457.0,,,,,,,,,,,,,751.2,178.34,90.0,1059.0,
2022-01-20,,457.0,,,,,,,,,,,,,751.2,178.34,90.0,1059.0,
2022-01-21,,457.0,,,,,,,,,,,,,751.2,178.34,90.0,1059.0,
2022-01-22,,457.0,,,,,,,,,,,,,751.2,178.34,90.0,1059.0,
2022-01-23,,457.0,,,,,,,,,,,,,751.2,178.34,90.0,1059.0,
2022-01-24,,457.0,,,,,,,,,,,,,751.2,178.34,90.0,1059.0,
2022-01-25,,457.0,,,,,,,,,,,,,751.2,178.34,90.0,1059.0,
2022-01-26,,457.0,,,,,,,,,,,,,751.2,178.34,90.0,1059.0,
2022-01-27,,457.0,,,,,,,,,,,,,751.2,178.34,90.0,1059.0,
2022-01-28,,457.0,,,,,,,,,,,,,751.2,178.34,90.0,1059.0,
2022-01-29,,457.0,,,,,,,,,,,,,751.2,178.34,90.0,1059.0,
2022-01-30,,457.0,,,,,,,,,,,,,751.2,178.34,90.0,1059.0,
2022-01-31,,457.0,,,,,,,,,,,,,751.2,178.34,90.0,1059.0,
2022-02-01,,457.0,,,,,,,,,,,,,751.2,178.34,90.0,1059.0,
2022-02-02,,457.0,,,,,,,,,,,,,751.2,178.34,90.0,1059.0,
2022-02-03,,457.0,,,,,,,,,,,,,751.2,178.34,90.0,1059.0,
2022-02-04,,457.0,,,,,,,,,,,,,751.2,178.34,90.0,1059.0,
2022-02-05,,457.0,,,,,,,,,,,,,751.2,178.34,90.0,1059.0,
2022-02-06,,457.0,,,,,,,,,,,,,751.2,178.34,90.0,1059.0,
2022-02-07,,457.0,,,,,,,,,,,,,751.2,178.34,90.0,1059.0,
2022-02-08,,457.0,,,,,,,,,,,,,751.2,178.34,90.0,1059.0,
2022-02-09,,457.0,,,,,,,,,,,,,751.2,178.34,90.0,1059.0,
2022-02-10,,457.0,,,,,,,,,,,,,751.2,178.34,90.0,1059.0,
2022-02-11,,457.0,,,,,,,,,,,,,751.2,178.34,90.0,1059.0,
2022-02-12,,457.0,,,,,,,,,,,,,751.2,178.34,90.0,1059.0,
2022-02-13,,457.0,,,,,,,,,,,,,751.2,178.34,90.0,1059.0,
2022-02-14,,457.0,,,,,,,,,,,,,751.2,178.34,90.0,1059.0,
2022-02-15,,457.0,,,,,,,,,,,,,751.2,178.34,90.0,1059.0,
2022-02-16,,457.0,,,,,,,,,,,,,751.2,178.34,90.0,1059.0,
2022-02-17,,457.0,,,,,,,,,,,,,751.2,178.34,90.0,1059.0,
2022-02-18,,457.0,,,,,,,,,,,,,751.2,178.34,90.0,1059.0,
2022-02-19,,457.0,,,,,,,,,,,,,751.2,178.34,90.0,1059.0,
2022-02-20,,457.0,,,,,,,,,,,,,751.2,178.34,90.0,1059.0,
2022-02-21,,457.0,,,,,,,,,,,,,751.2,178.34,90.0,1059.0,
2022-02-22,,457.0,,,,,,,,,,,,,751.2,178.34,90.0,1059.0,
2022-02-23,,457.0,,,,,,,,,,,,,751.2,178.34,90.0,1059.0,
2022-02-24,,457.0,,,,,,,,,,,,,751.2,178.34,90.0,1059.0,
2022-02-25,,457.0,,,,,,,,,,,,,751.2,178.34,90.0,1059.0,
2022-02-26,,457.0,,,,,,,,,,,,,751.2,178.34,90.0,1059.0,
2022-02-27,,457.0,,,,,,,,,,,,,751.2,178.34,90.0,1059.0,
2022-02-28,,457.0,,,,,,,,,,,,,751.2,178.34,90.0,1059.0,
2022-03-01,,457.0,,,,,,,,,,,,,751.2,178.34,90.0,1059.0,
2022-03-02,,457.0,,,,,,,,,,,,,751.2,178.34,90.0,1059.0,
2022-03-03,,457.0,,,,,,,,,,,,,751.2,178.34,90.0,1059.0,
2022-03-04,,457.0,,,,,,,,,,,,,751.2,178.34,90.0,1059.0,
2022-03-05,,457.0,,,,,,,,,,,,,751.2,178.34,90.0,1059.0,
2022-03-06,,457.0,,,,,,,,,,,,,751.2,178.34,90.0,1059.0,
2022-03-07,,457.0,,,,,,,,,,,,,751.2,178.34,90.0,1059.0,
2022-03-08,,457.0,,,,,,,,,,,,,751.2,178.34,90.0,1059.0,
2022-03-09,,457.0,,,,,,,,,,,,,751.2,178.34,90.0,1059.0,
2022-03-10,,457.0,,,,,,,,,,,,,751.2,178.34,90.0,1059.0,
2022-03-11,,457.0,,,,,,,,,,,,,751.2,178.34,90.0,1059.0,
2022-03-12,,457.0,,,,,,,,,,,,,751.2,178.34,90.0,1059.0,
2022-03-13,,457.0,,,,,,,,,,,,,751.2,178.34,90.0,1059.0,
2022-03-14,,457.0,,,,,,,,,,,,,751.2,178.34,90.0,1059.0,
2022-03-15,,457.0,,,,,,,,,,,,,751.2,178.34,90.0,1059.0,
2022-03-16,,457.0,,,,,,,,,,,,,751.2,178.34,90.0,1059.0,
2022-03-17,,457.0,,,,,,,,,,,,,751.2,178.34,90.0,1059.0,
2022-03-18,,457.0,,,,,,,,,,,,,751.2,178.34,90.0,1059.0,
2022-03-19,,457.0,,,,,,,,,,,,,751.2,178.34,90.0,1059.0,
2022-03-20,,457.0,,,,,,,,,,,,,751.2,178.34,90.0,1059.0,
2022-03-21,,457.0,,,,,,,,,,,,,751.2,178.34,90.0,1059.0,
2022-03-22,,457.0,,,,,,,,,,,,,751.2,178.34,90.0,1059.0,
2022-03-23,,457.0,,,,,,,,,,,,,751.2,178.34,90.0,1059.0,
2022-03-24,,457.0,,,,,,,,,,,,,751.2,178.34,90.0,1059.0,
2022-03-25,,457.0,,,,,,,,,,,,,751.2,178.34,90.0,1059.0,
2022-03-26,,457.0,,,,,,,,,,,,,751.2,178.34,90.0,1059.0,
2022-03-27,,457.0,,,,,,,,,,,,,751.2,178.34,90.0,1059.0,
2022-03-28,,457.0,,,,,,,,,,,,,751.2,178.34,90.0,1059.0,
2022-03-29,,457.0,,,,,,,,,,,,,751.2,178.34,90.0,1059.0,
2022-03-30,,457.0,,,,,,,,,,,,,751.2,178.34,90.0,1059.0,
2022-03-31,,457.0,,,,,,,,,,,,,751.2,178.34,90.0,1059.0,
2022-04-01,,457.0,,,,,,,,,,,,,751.2,178.34,90.0,1059.0,
2022-04-02,,457.0,,,,,,,,,,,,,751.2,178.34,90.0,1059.0,
2022-04-03,,457.0,,,,,,,,,,,,,751.2,178.34,90.0,1059.0,
2022-04-04,,457.0,,,,,,,,,,,,,751.2,178.34,90.0,1059.0,
2022-04-05,,457.0,,,,,,,,,,,,,751.2,178.34,90.0,1059.0,
2022-04-06,,457.0,,,,,,,,,,,,,751.2,178.34,90.0,1059.0,
2022-04-07,,457.0,,,,,,,,,,,,,751.2,178.34,90.0,1059.0,
2022-04-08,,457.0,,,,,,,,,,,,,751.2,178.34,90.0,1059.0,
2022-04-09,,457.0,,,,,,,,,,,,,751.2,178.34,90.0,1059.0,
2022-04-10,,457.0,,,,,,,,,,,,,751.2,178.34,90.0,1059.0,
2022-04-11,,457.0,,,,,,,,,,,,,751.2,178.34,90.0,1059.0,
2022-04-12,,457.0,,,,,,,,,,,,,751.2,178.34,90.0,1059.0,
2022-04-13,,457.0,,,,,,,,,,,,,751.2,178.34,90.0,1059.0,
2022-04-14,,457.0,,,,,,,,,,,,,751.2,178.34,90.0,1059.0,
2022-04-15,,457.0,,,,,,,,,,,,,751.2,178.34,90.0,1059.0,
2022-04-16,,457.0,,,,,,,,,,,,,751.2,178.34,90.0,1059.0,
2022-04-17,,457.0,,,,,,,,,,,,,751.2,178.34,90.0,1059.0,
2022-04-18,,457.0,,,,,,,,,,,,,751.2,178.34,90.0,1059.0,
2022-04-19,,457.0,,,,,,,,,,,,,751.2,178.34,90.0,1059.0,
2022-04-20,,457.0,,,,,,,,,,,,,751.2,178.34,90.0,1059.0,
2022-04-21,,457.0,,,,,,,,,,,,,751.2,178.34,90.0,1059.0,
2022-04-22,,457.0,,,,,,,,,,,,,751.2,178.34,90.0,1059.0,
2022-04-23,,457.0,,,,,,,,,,,,,751.2,178.34,90.0,1059.0,
2022-04-24,,457.0,,,,,,,,,,,,,751.2,178.34,90.0,1059.0,
2022-04-25,,457.0,,,,,,,,,,,,,751.2,178.34,90.0,1059.0,
2022-04-26,,457.0,,,,,,,,,,,,,751.2,178.34,90.0,1059.0,
2022-04-27,,457.0,,,,,,,,,,,,,751.2,178.34,90.0,1059.0,
2022-04-28,,457.0,,,,,,,,,,,,,751.2,178.34,90.0,1059.0,
2022-04-29,,457.0,,,,,,,,,,,,,751.2,178.34,90.0,1059.0,
2022-04-30,,457.0,,,,,,,,,,,,,751.2,178.34,90.0,1059.0,
2022-05-01,,457.0,,,,,,,,,,,,,751.2,178.34,90.0,1059.0,
2022-05-02,,457.0,,,,,,,,,,,,,751.2,178.34,90.0,1059.0,
2022-05-03,,457.0,,,,,,,,,,,,,751.2,178.34,90.0,1059.0,
2022-05-04,,457.0,,,,,,,,,,,,,751.2,178.34,90.0,1059.0,
2022-05-05,,457.0,,,,,,,,,,,,,751.2,178.34,90.0,1059.0,
2022-05-06,,457.0,,,,,,,,,,,,,751.2,178.34,90.0,1059.0,
2022-05-07,,457.0,,,,,,,,,,,,,751.2,178.34,90.0,1059.0,
2022-05-08,,457.0,,,,,,,,,,,,,751.2,178.34,90.0,1059.0,
2022-05-09,,457.0,,,,,,,,,,,,,751.2,178.34,90.0,1059.0,
2022-05-10,,457.0,,,,,,,,,,,,,751.2,178.34,90.0,1059.0,
2022-05-11,,457.0,,,,,,,,,,,,,751.2,261.0,141.03,1059.0,
2022-05-12,,457.0,,,,,,,,,,,,,751.2,261.0,141.03,1059.0,
2022-05-13,,457.0,,,,,,,904.0,,,,,,751.2,261.0,141.03,1059.0,
2022-05-14,,457.0,,,,,,,904.0,,,,,,751.2,261.0,141.03,1059.0,
2022-05-15,,457.0,,,,,,,904.0,,,,,,751.2,261.0,141.03,1059.0,
2022-05-16,,457.0,,,,,,,904.0,,,,,,751.2,261.0,141.03,1059.0,
2022-05-17,,457.0,,,,,,,904.0,,,,,,751.2,261.0,141.03,1059.0,
2022-05-18,,457.0,,,,,,,904.0,,,,,,751.2,261.0,141.03,1059.0,
2022-05-19,,457.0,,,,,,,904.0,,,,,,751.2,261.0,141.03,1059.0,
2022-05-20,,457.0,,,,,,,904.0,,,,,,751.2,261.0,141.03,1059.0,
2022-05-21,,457.0,,,,,,,904.0,,,,,,751.2,261.0,141.03,1059.0,
2022-05-22,,457.0,,,,,,,904.0,,,,,,751.2,261.0,141.03,1059.0,
2022-05-23,,457.0,,,,,,,904.0,,,,,,751.2,261.0,141.03,1059.0,
2022-05-24,,457.0,,,,,,,904.0,,,,,,751.2,261.0,141.03,1059.0,
2022-05-25,,457.0,,,,,,,904.0,,,,,,751.2,261.0,141.03,1059.0,
2022-05-26,,457.0,,,,,,,904.0,,,,,,751.2,261.0,141.03,1059.0,
2022-05-27,,457.0,,,,,,,904.0,,,,,,751.2,261.0,141.03,1059.0,
2022-05-28,,457.0,,,,,,,904.0,,,,,,751.2,261.0,141.03,1059.0,
2022-05-29,,457.0,,,,,,,904.0,,,,,,751.2,261.0,141.03,1059.0,
2022-05-30,,457.0,,,,,,,904.0,,,,,,751.2,261.0,141.03,1059.0,
2022-05-31,,457.0,,,,,,,904.0,,,,,,751.2,261.0,141.03,1059.0,
2022-06-01,,457.0,,,,,,,904.0,,,,,,751.2,261.0,141.03,1059.0,
2022-06-02,,457.0,,,,,,,904.0,,,,,,751.2,261.0,141.03,1059.0,
2022-06-03,,457.0,,,,,,,904.0,,,,,,751.2,261.0,141.03,1059.0,
2022-06-04,,457.0,,,,,,,904.0,,,,,,751.2,261.0,141.03,1059.0,
2022-06-05,,457.0,,,,,,,904.0,,,,,,751.2,261.0,141.03,1059.0,
2022-06-06,,457.0,,,,,,,904.0,,,,,,751.2,261.0,141.03,1059.0,
2022-06-07,,457.0,,,,,,,904.0,,,,,,751.2,261.0,141.03,1059.0,
2022-06-08,,457.0,,,,,,,904.0,,,,,,751.2,261.0,141.03,1059.0,
2022-06-09,,457.0,,,,,,,904.0,,,,,,751.2,261.0,141.03,1059.0,
2022-06-10,,457.0,,,,,,,904.0,,,,,,751.2,261.0,141.03,1059.0,
2022-06-11,,457.0,,,,,,,904.0,,,,,,751.2,261.0,141.03,1059.0,
2022-06-12,,457.0,,,,,,,904.0,,,,,,751.2,261.0,141.03,1059.0,
2022-06-13,,457.0,,,,,,,904.0,,,,,,751.2,261.0,141.03,1059.0,
2022-06-14,,457.0,,,,,,,904.0,,,,,,751.2,261.0,141.03,1059.0,
2022-06-15,,457.0,,,,,,,904.0,,,,,,751.2,261.0,141.03,1059.0,
2022-06-16,,457.0,,,,,,,904.0,,,,,,751.2,261.0,141.03,1059.0,
2022-06-17,,457.0,,,,,,,904.0,,,,,,751.2,261.0,141.03,1059.0,
2022-06-18,,457.0,,,,,,,904.0,,,,,,751.2,261.0,141.03,1059.0,
2022-06-19,,457.0,,,,,,,904.0,,,,,,751.2,261.0,141.03,1059.0,
2022-06-20,,457.0,,,,,,,904.0,,,,,,751.2,261.0,141.03,1059.0,
2022-06-21,,457.0,,,,,,,904.0,,,,,,751.2,261.0,141.03,1059.0,
2022-06-22,,457.0,,,,,,,904.0,,,,,,751.2,261.0,141.03,1059.0,
2022-06-23,,457.0,,,,,,,904.0,,,,,,751.2,261.0,141.03,1059.0,
2022-06-24,,457.0,,,,,,,904.0,,,,,,751.2,261.0,141.03,1059.0,
2022-06-25,,457.0,,,,,,,904.0,,,,,,751.2,261.0,141.03,1059.0,
2022-06-26,,457.0,,,,,,,904.0,,,,,,751.2,261.0,141.03,1059.0,
2022-06-27,,457.0,,,,,,,904.0,,,,,,751.2,261.0,141.03,1059.0,
2022-06-28,,457.0,,,,,,,904.0,,,,,,751.2,261.0,141.03,1059.0,
2022-06-29,,457.0,,,,,,,904.0,,,,,,751.2,261.0,141.03,1059.0,
2022-06-30,,457.0,,,,,,,904.0,,,,,,751.2,261.0,141.03,1059.0,
2022-07-01,,457.0,,,,,,,904.0,,,,,,751.2,261.0,141.03,1059.0,
2022-07-02,,457.0,,,,,,,904.0,,,,,,751.2,261.0,141.03,1059.0,
2022-07-03,,457.0,,,,,,,904.0,,,,,,751.2,261.0,141.03,1059.0,
2022-07-04,,457.0,,,,,,,904.0,,,,,,751.2,261.0,141.03,1059.0,
2022-07-05,,457.0,,,,,,,904.0,,,,,,751.2,261.0,141.03,1059.0,
2022-07-06,,457.0,,,,,,,904.0,,,,,,751.2,261.0,141.03,1059.0,
2022-07-07,,457.0,,,,,,,904.0,,,,,,751.2,261.0,141.03,1059.0,
2022-07-08,,457.0,,,,,,,904.0,,,,,,751.2,261.0,141.03,1059.0,
2022-07-09,,457.0,,,,,,,904.0,,,,,,751.2,261.0,141.03,1059.0,
2022-07-10,,457.0,,,,,,,904.0,,,,,,751.2,261.0,141.03,1059.0,
2022-07-11,,457.0,,,,,,,904.0,,,,,,751.2,261.0,141.03,1059.0,
2022-07-12,,457.0,,,,,,,904.0,,,,,,751.2,261.0,141.03,1059.0,
2022-07-13,,457.0,,,,,,,904.0,,,,,,751.2,261.0,141.03,1059.0,
2022-07-14,,457.0,,,,,,,904.0,,,,,,751.2,261.0,141.03,1059.0,
2022-07-15,,457.0,,,,,,,904.0,,,,,,751.2,261.0,141.03,1059.0,
2022-07-16,,457.0,,,,,,,904.0,,,,,,751.2,261.0,141.03,1059.0,
2022-07-17,,457.0,,,,,,,904.0,,,,,,751.2,261.0,141.03,1059.0,
2022-07-18,,457.0,,,,,,,904.0,,,,,,751.2,261.0,141.03,1059.0,
2022-07-19,,457.0,,,,,,,904.0,,,,,,751.2,261.0,141.03,1059.0,
2022-07-20,,457.0,,,,,,,904.0,,,,,,751.2,261.0,141.03,1059.0,
2022-07-21,,457.0,,,,,,,904.0,,,,,,751.2,261.0,141.03,1059.0,
2022-07-22,,457.0,,,,,,,904.0,,,,,,751.2,261.0,141.03,1059.0,
2022-07-23,,457.0,,,,,,,904.0,,,,,,751.2,261.0,141.03,1059.0,
2022-07-24,,457.0,,,,,,,904.0,,,,,,751.2,261.0,141.03,1059.0,
2022-07-25,,457.0,,,,,,,904.0,,,,,,751.2,261.0,141.03,1059.0,
2022-07-26,,457.0,,,,,,,904.0,,,,,,751.2,261.0,141.03,1059.0,
2022-07-27,,457.0,,,,,,,904.0,,,,,,751.2,261.0,141.03,1059.0,
2022-07-28,,457.0,,,,,,,904.0,,,,,,751.2,261.0,141.03,1059.0,
2022-07-29,,457.0,,,,,,,904.0,,,,,,751.2,261.0,141.03,1059.0,
2022-07-30,,457.0,,,,,,,904.0,,,,,,751.2,261.0,141.03,1059.0,
2022-07-31,,457.0,,,,,,,904.0,,,,,,751.2,261.0,141.03,1059.0,
2022-08-01,,457.0,,,,,,,904.0,,,,,,751.2,261.0,141.03,1059.0,
2022-08-02,,457.0,,,,,,,904.0,,,,,,751.2,261.0,141.03,1059.0,
2022-08-03,,457.0,,,,,,,904.0,,,,,,751.2,261.0,141.03,1059.0,
2022-08-04,,457.0,,,,,,,904.0,,,,,,751.2,261.0,141.03,1059.0,
2022-08-05,,457.0,,,,,,,904.0,,,,,,751.2,261.0,141.03,1059.0,
2022-08-06,,457.0,,,,,,,904.0,,,,,,751.2,261.0,141.03,1059.0,
2022-08-07,,457.0,,,,,,,904.0,,,,,,751.2,261.0,141.03,1059.0,
2022-08-08,,457.0,,,,,,,904.0,,,,,,751.2,261.0,141.03,1059.0,
2022-08-09,,457.0,,,,,,,904.0,,,,,,751.2,261.0,141.03,1059.0,
2022-08-10,,,,,,,,,,,,,,,,261.0,147.49,,
2022-08-11,,,,,,,,,,,,,,,,261.0,147.49,,
2022-08-12,,,,,,,,,,,,,,,,261.0,147.49,,
2022-08-13,,,,,,,,,,,,,,,,261.0,147.49,,
2022-08-14,,,,,,,,,,,,,,,,261.0,147.49,,
2022-08-15,,,,,,,,,,,,,,,,261.0,147.49,,
2022-08-16,,,,,,,,,,,,,,,,261.0,147.49,,
2022-08-17,,,,,,,,,,,,,,,,261.0,147.49,,
2022-08-18,,,,,,,,,,,,,,,,261.0,147.49,,
2022-08-19,,,,,,,,,,,,,,,,261.0,147.49,,
2022-08-20,,,,,,,,,,,,,,,,261.0,147.49,,
2022-08-21,,,,,,,,,,,,,,,,261.0,147.49,,
2022-08-22,,,,,,,,,,,,,,,,261.0,147.49,,
2022-08-23,,,,,,,,,,,,,,,,261.0,147.49,,
2022-08-24,,,,,,,,,,,,,,,,261.0,147.49,,
2022-08-25,,,,,,,,,,,,,,,,261.0,147.49,,
2022-08-26,,,,,,,,,,,,,,,,261.0,147.49,,
2022-08-27,,,,,,,,,,,,,,,,261.0,147.49,,
2022-08-28,,,,,,,,,,,,,,,,261.0,147.49,,
2022-08-29,,,,,,,,,,,,,,,,261.0,147.49,,
2022-08-30,,,,,,,,,,,,,,,,261.0,147.49,,
2022-08-31,,,,,,,,,,,,,,,,261.0,147.49,,
2022-09-01,,,,,,,,,,,,,,,,261.0,147.49,,
2022-09-02,,,,,,,,,,,,,,,,261.0,147.49,,
2022-09-03,,,,,,,,,,,,,,,,261.0,147.49,,
2022-09-04,,,,,,,,,,,,,,,,261.0,147.49,,
2022-09-05,,,,,,,,,,,,,,,,261.0,147.49,,
2022-09-06,,,,,,,,,,,,,,,,261.0,147.49,,
2022-09-07,,,,,,,,,,,,,,,,261.0,147.49,,
2022-09-08,,,,,,,,,,,,,,,,261.0,147.49,,
2022-09-09,,,,,,,,,,,,,,,,261.0,147.49,,
2022-09-10,,,,,,,,,,,,,,,,261.0,147.49,,
2022-09-11,,,,,,,,,,,,,,,,261.0,147.49,,
2022-09-12,,,,,,,,,,,,,,,,261.0,147.49,,
2022-09-13,,,,,,,,,,,,,,,,261.0,147.49,,
2022-09-14,,,,,,,,,,,,,,,,261.0,147.49,,
2022-09-15,,,,,,,,,,,,,,,,261.0,147.49,,
2022-09-16,,,,,,,,,,,,,,,,261.0,147.49,,
2022-09-17,,,,,,,,,,,,,,,,261.0,147.49,,
2022-09-18,,,,,,,,,,,,,,,,261.0,147.49,,
2022-09-19,,,,,,,,,,,,,,,,261.0,147.49,,
2022-09-20,,,,,,,,,,,,,,,,261.0,147.49,,
2022-09-21,,,,,,,,,,,,,,,,261.0,147.49,,
2022-09-22,,,,,,,,,,,,,,,,261.0,147.49,,
2022-09-23,,,,,,,,,,,,,,,,261.0,147.49,,
2022-09-24,,,,,,,,,,,,,,,,261.0,147.49,,
2022-09-25,,,,,,,,,,,,,,,,261.0,147.49,,
2022-09-26,,,,,,,,,,,,,,,,261.0,147.49,,
2022-09-27,,,,,,,,,,,,,,,,261.0,147.49,,
2022-09-28,,,,,,,,,,,,,,,,261.0,147.49,,
2022-09-29,,,,,,,,,,,,,,,,261.0,147.49,,
2022-09-30,,,,,,,,,,,,,,,,261.0,147.49,,
2022-10-01,,,,,,,,,,,,,,,,261.0,147.49,,
2022-10-02,,,,,,,,,,,,,,,,261.0,147.49,,
2022-10-03,,,,,,,,,,,,,,,,261.0,147.49,,
2022-10-04,,,,,,,,,,,,,,,,261.0,147.49,,
2022-10-05,,,,,,,,,,,,,,,,261.0,147.49,,
2022-10-06,,,,,,,,,,,,,,,,261.0,147.49,,
2022-10-07,,,,,,,,,,,,,,,,261.0,147.49,,
2022-10-08,,,,,,,,,,,,,,,,261.0,147.49,,
2022-10-09,,,,,,,,,,,,,,,,261.0,147.49,,
2022-10-10,,,,,,,,,,,,,,,,261.0,147.49,,
2022-10-11,,,,,,,,,,,,,,,,261.0,147.49,,
2022-10-12,,,,,,,,,,,,,,,,261.0,147.49,,
2022-10-13,,,,,,,,,,,,,,,,261.0,147.49,,
2022-10-14,,,,,,,,,,,,,,,,261.0,147.49,,
2022-10-15,,,,,,,,,,,,,,,,261.0,147.49,,
2022-10-16,,,,,,,,,,,,,,,,261.0,147.49,,
2022-10-17,,,,,,,,,,,,,,,,261.0,147.49,,
2022-10-18,,,,,,,,,,,,,,,,261.0,147.49,,
2022-10-19,,,,,,,,,,,,,,,,261.0,147.49,,
2022-10-20,,,,,,,,,,,,,,,,261.0,147.49,,
2022-10-21,,,,,,,,,,,,,,,,261.0,147.49,,
2022-10-22,,,,,,,,,,,,,,,,261.0,147.49,,
2022-10-23,,,,,,,,,,,,,,,,261.0,147.49,,
2022-10-24,,,,,,,,,,,,,,,,261.0,147.49,,
2022-10-25,,,,,,,,,,,,,,,,261.0,147.49,,
2022-10-26,,,,,,,,,,,,,,,,261.0,147.49,,
2022-10-27,,,,,,,,,,,,,,,,261.0,147.49,,
2022-10-28,,,,,,,,,,,,,,,,261.0,147.49,,
2022-10-29,,,,,,,,,,,,,,,,261.0,147.49,,
2022-10-30,,,,,,,,,,,,,,,,261.0,147.49,,
2022-10-31,,,,,,,,,,,,,,,,261.0,147.49,,
2022-11-01,,,,,,,,,,,,,,,,261.0,147.49,,
2022-11-02,,,,,,,,,,,,,,,,261.0,147.49,,
2022-11-03,,,,,,,,,,,,,,,,261.0,147.49,,
2022-11-04,,,,,,,,,,,,,,,,261.0,147.49,,
2022-11-05,,,,,,,,,,,,,,,,261.0,147.49,,
2022-11-06,,,,,,,,,,,,,,,,261.0,147.49,,
2022-11-07,,,,,,,,,,,,,,,,261.0,147.49,,
2022-11-08,,,,,,,,,,,,,,,,261.0,147.49,,
2022-11-09,,,,,,,,,,,,,,,,261.0,147.49,,
2022-11-10,,,,,,,,,,,,,,,,261.0,147.49,,
2022-11-11,,,,,,,,,,,,,,,,261.0,147.49,,
2022-11-12,,,,,,,,,,,,,,,,261.0,147.49,,
2022-11-13,,,,,,,,,,,,,,,,261.0,147.49,,
2022-11-14,,,,,,,,,,,,,,,,261.0,147.49,,
2022-11-15,,,,,,,,,,,,,,,,261.0,147.49,,
2022-11-16,,,,,,,,,,,,,,,,261.0,147.49,,
2022-11-17,,,,,,,,,,,,,,,,261.0,147.49,,
2022-11-18,,,,,,,,,,,,,,,,261.0,147.49,,
2022-11-19,,,,,,,,,,,,,,,,261.0,147.49,,
2022-11-20,,,,,,,,,,,,,,,,261.0,147.49,,
2022-11-21,,,,,,,,,,,,,,,,261.0,147.49,,
2022-11-22,,,,,,,,,,,,,,,,261.0,147.49,,
2022-11-23,,,,,,,,,,,,,,,,261.0,147.49,,
2022-11-24,,,,,,,,,,,,,,,,261.0,147.49,,
2022-11-25,,,,,,,,,,,,,,,,261.0,147.49,,
2022-11-26,,,,,,,,,,,,,,,,261.0,147.49,,
2022-11-27,,,,,,,,,,,,,,,,261.0,147.49,,
2022-11-28,,,,,,,,,,,,,,,,261.0,147.49,,
2022-11-29,,,,,,,,,,,,,,,,261.0,147.49,,
2022-11-30,,,,,,,,,,,,,,,,261.0,147.49,,
2022-12-01,,,,,,,,,,,,,,,,261.0,147.49,,
2022-12-02,,,,,,,,,,,,,,,,261.0,147.49,,
2022-12-03,,,,,,,,,,,,,,,,261.0,147.49,,
2022-12-04,,,,,,,,,,,,,,,,261.0,147.49,,
2022-12-05,,,,,,,,,,,,,,,,261.0,147.49,,
2022-12-06,,,,,,,,,,,,,,,,261.0,147.49,,
2022-12-07,,,,,,,,,,,,,,,,261.0,147.49,,
2022-12-08,,,,,,,,,,,,,,,,261.0,147.49,,
2022-12-09,,,,,,,,,,,,,,,,261.0,147.49,,
2022-12-10,,,,,,,,,,,,,,,,261.0,147.49,,
2022-12-11,,,,,,,,,,,,,,,,261.0,147.49,,
2022-12-12,,,,,,,,,,,,,,,,261.0,147.49,,
2022-12-13,,,,,,,,,,,,,,,,261.0,147.49,,
2022-12-14,,,,,,,,,,,,,,,,261.0,147.49,,
2022-12-15,,,,,,,,,,,,,,,,261.0,147.49,,
2022-12-16,,,,,,,,,,,,,,,,261.0,147.49,,
2022-12-17,,,,,,,,,,,,,,,,261.0,147.49,,
2022-12-18,,,,,,,,,,,,,,,,261.0,147.49,,
2022-12-19,,,,,,,,,,,,,,,,261.0,147.49,,
2022-12-20,,,,,,,,,,,,,,,,261.0,147.49,,
2022-12-21,,,,,,,,,,,,,,,,261.0,147.49,,
2022-12-22,,,,,,,,,,,,,,,,261.0,147.49,,
2022-12-23,,,,,,,,,,,,,,,,261.0,147.49,,
2022-12-24,,,,,,,,,,,,,,,,261.0,147.49,,
2022-12-25,,,,,,,,,,,,,,,,261.0,147.49,,
2022-12-26,,,,,,,,,,,,,,,,261.0,147.49,,
2022-12-27,,,,,,,,,,,,,,,,261.0,147.49,,
2022-12-28,,,,,,,,,,,,,,,,261.0,147.49,,
2022-12-29,,,,,,,,,,,,,,,,261.0,147.49,,
2022-12-30,,,,,,,,,,,,,,,,261.0,147.49,,
2022-12-31,,,,,,,,,,,,,,,,261.0,147.49,,
2023-01-01,,,,,,,,,,,,,,,,261.0,147.49,,
2023-01-02,,,,,,,,,,,,,,,,261.0,147.49,,
2023-01-03,,,,,,,,,,,,,,,,261.0,147.49,,
2023-01-04,,,,,,,,,,,,,,,,261.0,147.49,,
2023-01-05,,,,,,,,,,,,,,,,261.0,147.49,,
2023-01-06,,,,,,,,,,,,,,,,261.0,147.49,,
2023-01-07,,,,,,,,,,,,,,,,261.0,147.49,,
2023-01-08,,,,,,,,,,,,,,,,261.0,147.49,,
2023-01-09,,,,,,,,,,,,,,,,261.0,147.49,,
2023-01-10,,,,,,,,,,,,,,,,261.0,147.49,,
2023-01-11,,,,,,,,,,,,,,,,261.0,147.49,,
2023-01-12,,,,,,,,,,,,,,,,261.0,147.49,,
2023-01-13,,,,,,,,,,,,,,,,261.0,147.49,,
2023-01-14,,,,,,,,,,,,,,,,261.0,147.49,,
2023-01-15,,,,,,,,,,,,,,,,261.0,147.49,,
2023-01-16,,,,,,,,,,,,,,,,261.0,147.49,,
2023-01-17,,,,,,,,,,,,,,,,261.0,147.49,,
2023-01-18,,,,,,,,,,,,,,,,261.0,147.49,,
2023-01-19,,,,,,,,,,,,,,,,261.0,147.49,,
2023-01-20,,,,,,,,,,,,,,,,261.0,147.49,,
2023-01-21,,,,,,,,,,,,,,,,261.0,147.49,,
2023-01-22,,,,,,,,,,,,,,,,261.0,147.49,,
2023-01-23,,,,,,,,,,,,,,,,261.0,147.49,,
2023-01-24,,,,,,,,,,,,,,,,261.0,147.49,,
2023-01-25,,,,,,,,,,,,,,,,261.0,147.49,,
2023-01-26,,,,,,,,,,,,,,,,261.0,147.49,,
2023-01-27,,,,,,,,,,,,,,,,261.0,147.49,,
2023-01-28,,,,,,,,,,,,,,,,261.0,147.49,,
2023-01-29,,,,,,,,,,,,,,,,261.0,147.49,,
2023-01-30,,,,,,,,,,,,,,,,261.0,147.49,,
2023-01-31,,,,,,,,,,,,,,,,261.0,147.49,,
2023-02-01,,,,,,,,,,,,,,,,261.0,147.49,,
2023-02-02,,,,,,,,,,,,,,,,261.0,147.49,,
2023-02-03,,,,,,,,,,,,,,,,261.0,147.49,,
2023-02-04,,,,,,,,,,,,,,,,261.0,147.49,,
2023-02-05,,,,,,,,,,,,,,,,261.0,147.49,,
2023-02-06,,,,,,,,,,,,,,,,261.0,147.49,,
2023-02-07,,,,,,,,,,,,,,,,261.0,147.49,,
2023-02-08,,,,,,,,,,,,,,,,261.0,147.49,,
2023-02-09,,,,,,,,,,,,,,,,261.0,147.49,,
2023-02-10,,,,,,,,,,,,,,,,261.0,147.49,,
2023-02-11,,,,,,,,,,,,,,,,261.0,147.49,,
2023-02-12,,,,,,,,,,,,,,,,261.0,147.49,,
2023-02-13,,,,,,,,,,,,,,,,261.0,147.49,,
2023-02-14,,,,,,,,,,,,,,,,261.0,147.49,,
2023-02-15,,,,,,,,,,,,,,,,261.0,147.49,,
2023-02-16,,,,,,,,,,,,,,,,261.0,147.49,,
2023-02-17,,,,,,,,,,,,,,,,261.0,147.49,,
2023-02-18,,,,,,,,,,,,,,,,261.0,147.49,,
2023-02-19,,,,,,,,,,,,,,,,261.0,147.49,,
2023-02-20,,,,,,,,,,,,,,,,261.0,147.49,,
2023-02-21,,,,,,,,,,,,,,,,261.0,147.49,,
2023-02-22,,,,,,,,,,,,,,,,261.0,147.49,,
2023-02-23,,,,,,,,,,,,,,,,261.0,147.49,,
2023-02-24,,,,,,,,,,,,,,,,261.0,147.49,,
2023-02-25,,,,,,,,,,,,,,,,261.0,147.49,,
2023-02-26,,,,,,,,,,,,,,,,261.0,147.49,,
2023-02-27,,,,,,,,,,,,,,,,261.0,147.49,,
2023-02-28,,,,,,,,,,,,,,,,261.0,147.49,,
2023-03-01,,,,,,,,,,,,,,,,261.0,147.49,,
2023-03-02,,,,,,,,,,,,,,,,261.0,147.49,,
2023-03-03,,,,,,,,,,,,,,,,261.0,147.49,,
2023-03-04,,,,,,,,,,,,,,,,261.0,147.49,,
2023-03-05,,,,,,,,,,,,,,,,261.0,147.49,,
2023-03-06,,,,,,,,,,,,,,,,261.0,147.49,,
2023-03-07,,,,,,,,,,,,,,,,261.0,147.49,,
2023-03-08,,,,,,,,,,,,,,,,261.0,147.49,,
2023-03-09,,,,,,,,,,,,,,,,261.0,147.49,,
2023-03-10,,,,,,,,,,,,,,,,261.0,147.49,,
2023-03-11,,,,,,,,,,,,,,,,261.0,147.49,,
2023-03-12,,,,,,,,,,,,,,,,261.0,147.49,,
2023-03-13,,,,,,,,,,,,,,,,261.0,147.49,,
2023-03-14,,,,,,,,,,,,,,,,261.0,147.49,,
2023-03-15,,,,,,,,,,,,,,,,261.0,147.49,,
2023-03-16,,,,,,,,,,,,,,,,261.0,147.49,,
2023-03-17,,,,,,,,,,,,,,,,261.0,147.49,,
2023-03-18,,,,,,,,,,,,,,,,261.0,147.49,,
2023-03-19,,,,,,,,,,,,,,,,261.0,147.49,,
2023-03-20,,,,,,,,,,,,,,,,261.0,147.49,,
2023-03-21,,,,,,,,,,,,,,,,261.0,147.49,,
2023-03-22,,,,,,,,,,,,,,,,261.0,147.49,,
2023-03-23,,,,,,,,,,,,,,,,261.0,147.49,,
2023-03-24,,,,,,,,,,,,,,,,261.0,147.49,,
2023-03-25,,,,,,,,,,,,,,,,261.0,147.49,,
2023-03-26,,,,,,,,,,,,,,,,261.0,147.49,,
2023-03-27,,,,,,,,,,,,,,,,261.0,147.49,,
2023-03-28,,,,,,,,,,,,,,,,261.0,147.49,,
2023-03-29,,,,,,,,,,,,,,,,261.0,147.49,,
2023-03-30,,,,,,,,,,,,,,,,261.0,147.49,,
2023-03-31,,,,,,,,,,,,,,,,261.0,147.49,,
2023-04-01,,,,,,,,,,,,,,,,261.0,147.49,,
2023-04-02,,,,,,,,,,,,,,,,261.0,147.49,,
2023-04-03,,,,,,,,,,,,,,,,261.0,147.49,,
2023-04-04,,,,,,,,,,,,,,,,261.0,147.49,,
2023-04-05,,,,,,,,,,,,,,,,261.0,147.49,,
2023-04-06,,,,,,,,,,,,,,,,261.0,147.49,,
2023-04-07,,,,,,,,,,,,,,,,261.0,147.49,,
2023-04-08,,,,,,,,,,,,,,,,261.0,147.49,,
2023-04-09,,,,,,,,,,,,,,,,261.0,147.49,,
2023-04-10,,,,,,,,,,,,,,,,261.0,147.49,,
2023-04-11,,,,,,,,,,,,,,,,261.0,147.49,,
2023-04-12,,,,,,,,,,,,,,,,261.0,147.49,,
2023-04-13,,,,,,,,,,,,,,,,261.0,147.49,,
2023-04-14,,,,,,,,,,,,,,,,261.0,147.49,,
2023-04-15,,,,,,,,,,,,,,,,261.0,147.49,,
2023-04-16,,,,,,,,,,,,,,,,261.0,147.49,,
2023-04-17,,,,,,,,,,,,,,,,261.0,147.49,,
2023-04-18,,,,,,,,,,,,,,,,261.0,147.49,,
2023-04-19,,,,,,,,,,,,,,,,261.0,147.49,,
2023-04-20,,,,,,,,,,,,,,,,261.0,147.49,,
2023-04-21,,,,,,,,,,,,,,,,261.0,147.49,,
2023-04-22,,,,,,,,,,,,,,,,261.0,147.49,,
2023-04-23,,,,,,,,,,,,,,,,261.0,147.49,,
2023-04-24,,,,,,,,,,,,,,,,261.0,147.49,,
2023-04-25,,,,,,,,,,,,,,,,261.0,147.49,,
2023-04-26,,,,,,,,,,,,,,,,261.0,147.49,,
2023-04-27,,,,,,,,,,,,,,,,261.0,147.49,,
2023-04-28,,,,,,,,,,,,,,,,261.0,147.49,,
2023-04-29,,,,,,,,,,,,,,,,261.0,147.49,,
2023-04-30,,,,,,,,,,,,,,,,261.0,147.49,,
2023-05-01,,,,,,,,,,,,,,,,261.0,147.49,,
2023-05-02,,,,,,,,,,,,,,,,261.0,147.49,,
2023-05-03,,,,,,,,,,,,,,,,261.0,147.49,,
2023-05-04,,,,,,,,,,,,,,,,261.0,147.49,,
2023-05-05,,,,,,,,,,,,,,,,261.0,147.49,,
2023-05-06,,,,,,,,,,,,,,,,261.0,147.49,,
2023-05-07,,,,,,,,,,,,,,,,261.0,147.49,,
2023-05-08,,,,,,,,,,,,,,,,261.0,147.49,,
2023-05-09,,,,,,,,,,,,,,,,261.0,147.49,,
2023-05-10,,,,,,,,,,,,,,,,261.0,147.49,,
2023-05-11,,,,,,,,,,,,,,,,261.0,147.49,,
2023-05-12,,,,,,,,,,,,,,,,261.0,147.49,,
2023-05-13,,,,,,,,,,,,,,,,261.0,147.49,,
2023-05-14,,,,,,,,,,,,,,,,261.0,147.49,,
2023-05-15,,,,,,,,,,,,,,,,261.0,147.49,,
2023-05-16,,,,,,,,,,,,,,,,261.0,147.49,,
2023-05-17,,,,,,,,,,,,,,,,261.0,147.49,,
2023-05-18,,,,,,,,,,,,,,,,261.0,147.49,,
2023-05-19,,,,,,,,,,,,,,,,261.0,147.49,,
2023-05-20,,,,,,,,,,,,,,,,261.0,147.49,,
2023-05-21,,,,,,,,,,,,,,,,261.0,147.49,,
2023-05-22,,,,,,,,,,,,,,,,261.0,147.49,,
2023-05-23,,,,,,,,,,,,,,,,261.0,147.49,,
2023-05-24,,,,,,,,,,,,,,,,261.0,147.49,,
2023-05-25,,,,,,,,,,,,,,,,261.0,147.49,,
2023-05-26,,,,,,,,,,,,,,,,261.0,147.49,,
2023-05-27,,,,,,,,,,,,,,,,261.0,147.49,,
2023-05-28,,,,,,,,,,,,,,,,261.0,147.49,,
2023-05-29,,,,,,,,,,,,,,,,261.0,147.49,,
2023-05-30,,,,,,,,,,,,,,,,261.0,147.49,,
2023-05-31,,,,,,,,,,,,,,,,261.0,147.49,,
2023-06-01,,,,,,,,,,,,,,,,261.0,147.49,,
2023-06-02,,,,,,,,,,,,,,,,261.0,147.49,,
2023-06-03,,,,,,,,,,,,,,,,261.0,147.49,,
2023-06-04,,,,,,,,,,,,,,,,261.0,147.49,,
2023-06-05,,,,,,,,,,,,,,,,261.0,147.49,,
2023-06-06,,,,,,,,,,,,,,,,261.0,147.49,,
2023-06-07,,,,,,,,,,,,,,,,261.0,147.49,,
2023-06-08,,,,,,,,,,,,,,,,261.0,147.49,,
2023-06-09,,,,,,,,,,,,,,,,261.0,147.49,,
2023-06-10,,,,,,,,,,,,,,,,261.0,147.49,,
2023-06-11,,,,,,,,,,,,,,,,261.0,147.49,,
2023-06-12,,,,,,,,,,,,,,,,261.0,147.49,,
2023-06-13,,,,,,,,,,,,,,,,261.0,147.49,,
2023-06-14,,,,,,,,,,,,,,,,261.0,147.49,,
2023-06-15,,,,,,,,,,,,,,,,261.0,147.49,,
2023-06-16,,,,,,,,,,,,,,,,261.0,147.49,,
2023-06-17,,,,,,,,,,,,,,,,261.0,147.49,,
2023-06-18,,,,,,,,,,,,,,,,261.0,147.49,,
2023-06-19,,,,,,,,,,,,,,,,261.0,147.49,,
2023-06-20,,,,,,,,,,,,,,,,261.0,147.49,,
2023-06-21,,,,,,,,,,,,,,,,261.0,147.49,,
2023-06-22,,,,,,,,,,,,,,,,261.0,147.49,,
2023-06-23,,,,,,,,,,,,,,,,261.0,147.49,,
2023-06-24,,,,,,,,,,,,,,,,261.0,147.49,,
2023-06-25,,,,,,,,,,,,,,,,261.0,147.49,,
2023-06-26,,,,,,,,,,,,,,,,261.0,147.49,,
2023-06-27,,,,,,,,,,,,,,,,261.0,147.49,,
2023-06-28,,,,,,,,,,,,,,,,261.0,147.49,,
2023-06-29,,,,,,,,,,,,,,,,261.0,147.49,,
2023-06-30,,,,,,,,,,,,,,,,261.0,147.49,,
2023-07-01,,,,,,,,,,,,,,,,261.0,147.49,,
2023-07-02,,,,,,,,,,,,,,,,261.0,147.49,,
2023-07-03,,,,,,,,,,,,,,,,261.0,147.49,,
2023-07-04,,,,,,,,,,,,,,,,261.0,147.49,,
2023-07-05,,,,,,,,,,,,,,,,261.0,147.49,,
2023-07-06,,,,,,,,,,,,,,,,261.0,147.49,,
2023-07-07,,,,,,,,,,,,,,,,261.0,147.49,,
2023-07-08,,,,,,,,,,,,,,,,261.0,147.49,,
2023-07-09,,,,,,,,,,,,,,,,261.0,147.49,,
2023-07-10,,,,,,,,,,,,,,,,261.0,147.49,,
2023-07-11,,,,,,,,,,,,,,,,261.0,147.49,,
2023-07-12,,,,,,,,,,,,,,,,261.0,147.49,,
2023-07-13,,,,,,,,,,,,,,,,261.0,147.49,,
2023-07-14,,,,,,,,,,,,,,,,261.0,147.49,,
2023-07-15,,,,,,,,,,,,,,,,261.0,147.49,,
2023-07-16,,,,,,,,,,,,,,,,261.0,147.49,,
2023-07-17,,,,,,,,,,,,,,,,261.0,147.49,,
2023-07-18,,,,,,,,,,,,,,,,261.0,147.49,,
2023-07-19,,,,,,,,,,,,,,,,261.0,147.49,,
2023-07-20,,,,,,,,,,,,,,,,261.0,147.49,,
2023-07-21,,,,,,,,,,,,,,,,261.0,147.49,,
2023-07-22,,,,,,,,,,,,,,,,261.0,147.49,,
2023-07-23,,,,,,,,,,,,,,,,261.0,147.49,,
2023-07-24,,,,,,,,,,,,,,,,261.0,147.49,,
2023-07-25,,,,,,,,,,,,,,,,261.0,147.49,,
2023-07-26,,,,,,,,,,,,,,,,261.0,147.49,,
2023-07-27,,,,,,,,,,,,,,,,261.0,147.49,,
2023-07-28,,,,,,,,,,,,,,,,261.0,147.49,,
2023-07-29,,,,,,,,,,,,,,,,261.0,147.49,,
2023-07-30,,,,,,,,,,,,,,,,261.0,147.49,,
2023-07-31,,,,,,,,,,,,,,,,261.0,147.49,,
2023-08-01,,,,,,,,,,,,,,,,261.0,147.49,,
2023-08-02,,,,,,,,,,,,,,,,261.0,147.49,,
2023-08-03,,,,,,,,,,,,,,,,261.0,147.49,,
2023-08-04,,,,,,,,,,,,,,,,261.0,147.49,,
2023-08-05,,,,,,,,,,,,,,,,261.0,147.49,,
2023-08-06,,,,,,,,,,,,,,,,261.0,147.49,,
2023-08-07,,,,,,,,,,,,,,,,261.0,147.49,,
2023-08-08,,,,,,,,,,,,,,,,261.0,147.49,,
2023-08-09,,,,,,,,,,,,,,,,261.0,147.49,,
2023-08-10,,,,,,,,,,,,,,,,261.0,147.49,,
2023-08-11,,,,,,,,,,,,,,,,261.0,147.49,,
2023-08-12,,,,,,,,,,,,,,,,261.0,147.49,,
2023-08-13,,,,,,,,,,,,,,,,261.0,147.49,,
2023-08-14,,,,,,,,,,,,,,,,261.0,147.49,,
2023-08-15,,,,,,,,,,,,,,,,261.0,147.49,,
2023-08-16,,,,,,,,,,,,,,,,261.0,147.49,,
2023-08-17,,,,,,,,,,,,,,,,261.0,147.49,,
2023-08-18,,,,,,,,,,,,,,,,261.0,147.49,,
2023-08-19,,,,,,,,,,,,,,,,261.0,147.49,,
2023-08-20,,,,,,,,,,,,,,,,261.0,147.49,,
2023-08-21,,,,,,,,,,,,,,,,261.0,147.49,,
2023-08-22,,,,,,,,,,,,,,,,261.0,147.49,,
2023-08-23,,,,,,,,,,,,,,,,261.0,147.49,,
2023-08-24,,,,,,,,,,,,,,,,261.0,147.49,,
2023-08-25,,,,,,,,,,,,,,,,261.0,147.49,,
2023-08-26,,,,,,,,,,,,,,,,261.0,147.49,,
2023-08-27,,,,,,,,,,,,,,,,261.0,147.49,,
2023-08-28,,,,,,,,,,,,,,,,261.0,147.49,,
2023-08-29,,,,,,,,,,,,,,,,261.0,147.49,,
2023-08-30,,,,,,,,,,,,,,,,261.0,147.49,,
2023-08-31,,,,,,,,,,,,,,,,261.0,147.49,,
2023-09-01,,,,,,,,,,,,,,,,261.0,147.49,,
2023-09-02,,,,,,,,,,,,,,,,261.0,147.49,,
2023-09-03,,,,,,,,,,,,,,,,261.0,147.49,,
2023-09-04,,,,,,,,,,,,,,,,261.0,147.49,,
2023-09-05,,,,,,,,,,,,,,,,261.0,147.49,,
2023-09-06,,,,,,,,,,,,,,,,261.0,147.49,,
2023-09-07,,,,,,,,,,,,,,,,261.0,147.49,,
2023-09-08,,,,,,,,,,,,,,,,261.0,147.49,,
2023-09-09,,,,,,,,,,,,,,,,261.0,147.49,,
2023-09-10,,,,,,,,,,,,,,,,261.0,147.49,,
2023-09-11,,,,,,,,,,,,,,,,261.0,147.49,,
2023-09-12,,,,,,,,,,,,,,,,261.0,147.49,,
2023-09-13,,,,,,,,,,,,,,,,261.0,147.49,,
2023-09-14,,,,,,,,,,,,,,,,261.0,147.49,,
2023-09-15,,,,,,,,,,,,,,,,261.0,147.49,,
2023-09-16,,,,,,,,,,,,,,,,261.0,147.49,,
2023-09-17,,,,,,,,,,,,,,,,261.0,147.49,,
2023-09-18,,,,,,,,,,,,,,,,261.0,147.49,,
2023-09-19,,,,,,,,,,,,,,,,261.0,147.49,,
2023-09-20,,,,,,,,,,,,,,,,261.0,147.49,,
2023-09-21,,,,,,,,,,,,,,,,261.0,147.49,,
2023-09-22,,,,,,,,,,,,,,,,261.0,147.49,,
2023-09-23,,,,,,,,,,,,,,,,261.0,147.49,,
2023-09-24,,,,,,,,,,,,,,,,261.0,147.49,,
2023-09-25,,,,,,,,,,,,,,,,261.0,147.49,,
2023-09-26,,,,,,,,,,,,,,,,261.0,147.49,,
2023-09-27,,,,,,,,,,,,,,,,261.0,147.49,,
2023-09-28,,,,,,,,,,,,,,,,261.0,147.49,,
2023-09-29,,,,,,,,,,,,,,,,261.0,147.49,,
2023-09-30,,,,,,,,,,,,,,,,261.0,147.49,,
2023-10-01,,,,,,,,,,,,,,,,261.0,147.49,,
2023-10-02,,,,,,,,,,,,,,,,261.0,147.49,,
2023-10-03,,,,,,,,,,,,,,,,261.0,147.49,,
2023-10-04,,,,,,,,,,,,,,,,261.0,147.49,,
2023-10-05,,,,,,,,,,,,,,,,261.0,147.49,,
2023-10-06,,,,,,,,,,,,,,,,261.0,147.49,,
2023-10-07,,,,,,,,,,,,,,,,261.0,147.49,,
2023-10-08,,,,,,,,,,,,,,,,261.0,147.49,,
2023-10-09,,,,,,,,,,,,,,,,261.0,147.49,,
2023-10-10,,,,,,,,,,,,,,,,261.0,147.49,,
2023-10-11,,,,,,,,,,,,,,,,261.0,147.49,,
2023-10-12,,,,,,,,,,,,,,,,261.0,147.49,,
2023-10-13,,,,,,,,,,,,,,,,261.0,147.49,,
2023-10-14,,,,,,,,,,,,,,,,261.0,147.49,,
2023-10-15,,,,,,,,,,,,,,,,261.0,147.49,,
2023-10-16,,,,,,,,,,,,,,,,261.0,147.49,,
2023-10-17,,,,,,,,,,,,,,,,261.0,147.49,,
2023-10-18,,,,,,,,,,,,,,,,261.0,147.49,,
2023-10-19,,,,,,,,,,,,,,,,261.0,147.49,,
2023-10-20,,,,,,,,,,,,,,,,261.0,147.49,,
2023-10-21,,,,,,,,,,,,,,,,261.0,147.49,,
2023-10-22,,,,,,,,,,,,,,,,261.0,147.49,,
2023-10-23,,,,,,,,,,,,,,,,261.0,147.49,,
2023-10-24,,,,,,,,,,,,,,,,261.0,147.49,,
2023-10-25,,,,,,,,,,,,,,,,261.0,147.49,,
2023-10-26,,,,,,,,,,,,,,,,261.0,147.49,,
2023-10-27,,,,,,,,,,,,,,,,261.0,147.49,,
2023-10-28,,,,,,,,,,,,,,,,261.0,147.49,,
2023-10-29,,,,,,,,,,,,,,,,261.0,147.49,,
2023-10-30,,,,,,,,,,,,,,,,261.0,147.49,,
2023-10-31,,,,,,,,,,,,,,,,261.0,147.49,,
2023-11-01,,,,,,,,,,,,,,,,261.0,147.49,,
2023-11-02,,,,,,,,,,,,,,,,261.0,147.49,,
2023-11-03,,,,,,,,,,,,,,,,261.0,147.49,,
2023-11-04,,,,,,,,,,,,,,,,261.0,147.49,,
2023-11-05,,,,,,,,,,,,,,,,261.0,147.49,,
2023-11-06,,,,,,,,,,,,,,,,261.0,147.49,,
2023-11-07,,,,,,,,,,,,,,,,261.0,147.49,,
2023-11-08,,,,,,,,,,,,,,,,261.0,147.49,,
2023-11-09,,,,,,,,,,,,,,,,261.0,147.49,,
2023-11-10,,,,,,,,,,,,,,,,261.0,147.49,,
2023-11-11,,,,,,,,,,,,,,,,261.0,147.49,,
2023-11-12,,,,,,,,,,,,,,,,261.0,147.49,,
2023-11-13,,,,,,,,,,,,,,,,261.0,147.49,,
2023-11-14,,,,,,,,,,,,,,,,261.0,147.49,,
2023-11-15,,,,,,,,,,,,,,,,261.0,147.49,,
2023-11-16,,,,,,,,,,,,,,,,261.0,147.49,,
2023-11-17,,,,,,,,,,,,,,,,261.0,147.49,,
2023-11-18,,,,,,,,,,,,,,,,261.0,147.49,,
2023-11-19,,,,,,,,,,,,,,,,261.0,147.49,,
2023-11-20,,,,,,,,,,,,,,,,261.0,147.49,,
2023-11-21,,,,,,,,,,,,,,,,261.0,147.49,,
2023-11-22,,,,,,,,,,,,,,,,261.0,147.49,,
2023-11-23,,,,,,,,,,,,,,,,261.0,147.49,,
2023-11-24,,,,,,,,,,,,,,,,261.0,147.49,,
2023-11-25,,,,,,,,,,,,,,,,261.0,147.49,,
2023-11-26,,,,,,,,,,,,,,,,261.0,147.49,,
2023-11-27,,,,,,,,,,,,,,,,261.0,147.49,,
2023-11-28,,,,,,,,,,,,,,,,261.0,147.49,,
2023-11-29,,,,,,,,,,,,,,,,261.0,147.49,,
2023-11-30,,,,,,,,,,,,,,,,261.0,147.49,,
2023-12-01,,,,,,,,,,,,,,,,261.0,147.49,,
2023-12-02,,,,,,,,,,,,,,,,261.0,147.49,,
2023-12-03,,,,,,,,,,,,,,,,261.0,147.49,,
2023-12-04,,,,,,,,,,,,,,,,261.0,147.49,,
2023-12-05,,,,,,,,,,,,,,,,261.0,147.49,,
2023-12-06,,,,,,,,,,,,,,,,261.0,147.49,,
2023-12-07,,,,,,,,,,,,,,,,261.0,147.49,,
2023-12-08,,,,,,,,,,,,,,,,261.0,147.49,,
2023-12-09,,,,,,,,,,,,,,,,261.0,147.49,,
2023-12-10,,,,,,,,,,,,,,,,261.0,147.49,,
2023-12-11,,,,,,,,,,,,,,,,261.0,147.49,,
2023-12-12,,,,,,,,,,,,,,,,261.0,147.49,,
2023-12-13,,,,,,,,,,,,,,,,261.0,147.49,,
2023-12-14,,,,,,,,,,,,,,,,261.0,147.49,,
2023-12-15,,,,,,,,,,,,,,,,261.0,147.49,,
2023-12-16,,,,,,,,,,,,,,,,261.0,147.49,,
2023-12-17,,,,,,,,,,,,,,,,261.0,147.49,,
2023-12-18,,,,,,,,,,,,,,,,261.0,147.49,,
2023-12-19,,,,,,,,,,,,,,,,261.0,147.49,,
2023-12-20,,,,,,,,,,,,,,,,261.0,147.49,,
2023-12-21,,,,,,,,,,,,,,,,261.0,147.49,,
2023-12-22,,,,,,,,,,,,,,,,261.0,147.49,,
2023-12-23,,,,,,,,,,,,,,,,261.0,147.49,,
2023-12-24,,,,,,,,,,,,,,,,261.0,147.49,,
2023-12-25,,,,,,,,,,,,,,,,261.0,147.49,,
2023-12-26,,,,,,,,,,,,,,,,261.0,147.49,,
2023-12-27,,,,,,,,,,,,,,,,261.0,147.49,,
2023-12-28,,,,,,,,,,,,,,,,261.0,147.49,,
2023-12-29,,,,,,,,,,,,,,,,261.0,147.49,,
2023-12-30,,,,,,,,,,,,,,,,261.0,147.49,,
2023-12-31,,,,,,,,,,,,,,,,261.0,147.49,,
2024-01-01,,,,,,,,,,,,,,,,261.0,147.49,,
2024-01-02,,,,,,,,,,,,,,,,261.0,147.49,,
2024-01-03,,,,,,,,,,,,,,,,261.0,147.49,,
2024-01-04,,,,,,,,,,,,,,,,261.0,147.49,,
2024-01-05,,,,,,,,,,,,,,,,261.0,147.49,,
2024-01-06,,,,,,,,,,,,,,,,261.0,147.49,,
2024-01-07,,,,,,,,,,,,,,,,261.0,147.49,,
2024-01-08,,,,,,,,,,,,,,,,261.0,147.49,,
2024-01-09,,,,,,,,,,,,,,,,261.0,147.49,,
2024-01-10,,,,,,,,,,,,,,,,261.0,147.49,,
2024-01-11,,,,,,,,,,,,,,,,261.0,147.49,,
2024-01-12,,,,,,,,,,,,,,,,261.0,147.49,,
2024-01-13,,,,,,,,,,,,,,,,261.0,147.49,,
2024-01-14,,,,,,,,,,,,,,,,261.0,147.49,,
2024-01-15,,,,,,,,,,,,,,,,261.0,147.49,,
2024-01-16,,,,,,,,,,,,,,,,261.0,147.49,,
2024-01-17,,,,,,,,,,,,,,,,261.0,147.49,,
2024-01-18,,,,,,,,,,,,,,,,261.0,147.49,,
2024-01-19,,,,,,,,,,,,,,,,261.0,147.49,,
2024-01-20,,,,,,,,,,,,,,,,261.0,147.49,,
2024-01-21,,,,,,,,,,,,,,,,261.0,147.49,,
2024-01-22,,,,,,,,,,,,,,,,261.0,147.49,,
2024-01-23,,,,,,,,,,,,,,,,261.0,147.49,,
2024-01-24,,,,,,,,,,,,,,,,261.0,147.49,,
2024-01-25,,,,,,,,,,,,,,,,261.0,147.49,,
2024-01-26,,,,,,,,,,,,,,,,261.0,147.49,,
2024-01-27,,,,,,,,,,,,,,,,261.0,147.49,,
2024-01-28,,,,,,,,,,,,,,,,261.0,147.49,,
2024-01-29,,,,,,,,,,,,,,,,261.0,147.49,,
2024-01-30,,,,,,,,,,,,,,,,261.0,147.49,,
2024-01-31,,,,,,,,,,,,,,,,261.0,147.49,,
2024-02-01,,,,,,,,,,,,,,,,261.0,147.49,,
2024-02-02,,,,,,,,,,,,,,,,261.0,147.49,,
2024-02-03,,,,,,,,,,,,,,,,261.0,147.49,,
2024-02-04,,,,,,,,,,,,,,,,261.0,147.49,,
2024-02-05,,,,,,,,,,,,,,,,261.0,147.49,,
2024-02-06,,,,,,,,,,,,,,,,261.0,147.49,,
2024-02-07,,,,,,,,,,,,,,,,261.0,147.49,,
2024-02-08,,,,,,,,,,,,,,,,261.0,147.49,,
2024-02-09,,,,,,,,,,,,,,,,261.0,147.49,,
2024-02-10,,,,,,,,,,,,,,,,261.0,147.49,,
2024-02-11,,,,,,,,,,,,,,,,261.0,147.49,,
2024-02-12,,,,,,,,,,,,,,,,261.0,147.49,,
2024-02-13,,,,,,,,,,,,,,,,261.0,147.49,,
2024-02-14,,,,,,,,,,,,,,,,261.0,147.49,,
2024-02-15,,,,,,,,,,,,,,,,261.0,147.49,,
2024-02-16,,,,,,,,,,,,,,,,261.0,147.49,,
2024-02-17,,,,,,,,,,,,,,,,261.0,147.49,,
2024-02-18,,,,,,,,,,,,,,,,261.0,147.49,,
2024-02-19,,,,,,,,,,,,,,,,261.0,147.49,,
2024-02-20,,,,,,,,,,,,,,,,261.0,147.49,,
2024-02-21,,,,,,,,,,,,,,,,261.0,147.49,,
2024-02-22,,,,,,,,,,,,,,,,261.0,147.49,,
2024-02-23,,,,,,,,,,,,,,,,261.0,147.49,,
2024-02-24,,,,,,,,,,,,,,,,261.0,147.49,,
2024-02-25,,,,,,,,,,,,,,,,261.0,147.49,,
2024-02-26,,,,,,,,,,,,,,,,261.0,147.49,,
2024-02-27,,,,,,,,,,,,,,,,261.0,147.49,,
2024-02-28,,,,,,,,,,,,,,,,261.0,147.49,,
2024-02-29,,,,,,,,,,,,,,,,261.0,147.49,,
2024-03-01,,,,,,,,,,,,,,,,261.0,147.49,,
2024-03-02,,,,,,,,,,,,,,,,261.0,147.49,,
2024-03-03,,,,,,,,,,,,,,,,261.0,147.49,,
2024-03-04,,,,,,,,,,,,,,,,261.0,147.49,,
2024-03-05,,,,,,,,,,,,,,,,261.0,147.49,,
2024-03-06,,,,,,,,,,,,,,,,261.0,147.49,,
2024-03-07,,,,,,,,,,,,,,,,261.0,147.49,,
2024-03-08,,,,,,,,,,,,,,,,261.0,147.49,,
2024-03-09,,,,,,,,,,,,,,,,261.0,147.49,,
2024-03-10,,,,,,,,,,,,,,,,261.0,147.49,,
2024-03-11,,,,,,,,,,,,,,,,261.0,147.49,,
2024-03-12,,,,,,,,,,,,,,,,261.0,147.49,,
2024-03-13,,,,,,,,,,,,,,,,261.0,147.49,,
2024-03-14,,,,,,,,,,,,,,,,261.0,147.49,,
2024-03-15,,,,,,,,,,,,,,,,261.0,147.49,,
2024-03-16,,,,,,,,,,,,,,,,261.0,147.49,,
2024-03-17,,,,,,,,,,,,,,,,261.0,147.49,,
2024-03-18,,,,,,,,,,,,,,,,261.0,147.49,,
2024-03-19,,,,,,,,,,,,,,,,261.0,147.49,,
2024-03-20,,,,,,,,,,,,,,,,261.0,147.49,,
2024-03-21,,,,,,,,,,,,,,,,261.0,147.49,,
2024-03-22,,,,,,,,,,,,,,,,261.0,147.49,,
2024-03-23,,,,,,,,,,,,,,,,261.0,147.49,,
2024-03-24,,,,,,,,,,,,,,,,261.0,147.49,,
2024-03-25,,,,,,,,,,,,,,,,261.0,147.49,,
2024-03-26,,,,,,,,,,,,,,,,261.0,147.49,,
2024-03-27,,,,,,,,,,,,,,,,261.0,147.49,,
2024-03-28,,,,,,,,,,,,,,,,261.0,147.49,,
2024-03-29,,,,,,,,,,,,,,,,261.0,147.49,,
2024-03-30,,,,,,,,,,,,,,,,261.0,147.49,,
2024-03-31,,,,,,,,,,,,,,,,261.0,147.49,,
2024-04-01,,,,,,,,,,,,,,,,261.0,147.49,,
2024-04-02,,,,,,,,,,,,,,,,261.0,147.49,,
2024-04-03,,,,,,,,,,,,,,,,261.0,147.49,,
2024-04-04,,,,,,,,,,,,,,,,261.0,147.49,,
2024-04-05,,,,,,,,,,,,,,,,261.0,147.49,,
2024-04-06,,,,,,,,,,,,,,,,261.0,147.49,,
2024-04-07,,,,,,,,,,,,,,,,261.0,147.49,,
2024-04-08,,,,,,,,,,,,,,,,261.0,147.49,,
2024-04-09,,,,,,,,,,,,,,,,261.0,147.49,,
2024-04-10,,,,,,,,,,,,,,,,261.0,147.49,,
2024-04-11,,,,,,,,,,,,,,,,261.0,147.49,,
2024-04-12,,,,,,,,,,,,,,,,261.0,147.49,,
2024-04-13,,,,,,,,,,,,,,,,261.0,147.49,,
2024-04-14,,,,,,,,,,,,,,,,261.0,147.49,,
2024-04-15,,,,,,,,,,,,,,,,261.0,147.49,,
2024-04-16,,,,,,,,,,,,,,,,261.0,147.49,,
2024-04-17,,,,,,,,,,,,,,,,261.0,147.49,,
2024-04-18,,,,,,,,,,,,,,,,261.0,147.49,,
2024-04-19,,,,,,,,,,,,,,,,261.0,147.49,,
2024-04-20,,,,,,,,,,,,,,,,261.0,147.49,,
2024-04-21,,,,,,,,,,,,,,,,261.0,147.49,,
2024-04-22,,,,,,,,,,,,,,,,261.0,147.49,,
2024-04-23,,,,,,,,,,,,,,,,261.0,147.49,,
2024-04-24,,,,,,,,,,,,,,,,261.0,147.49,,
2024-04-25,,,,,,,,,,,,,,,,261.0,147.49,,
2024-04-26,,,,,,,,,,,,,,,,261.0,147.49,,
2024-04-27,,,,,,,,,,,,,,,,261.0,147.49,,
2024-04-28,,,,,,,,,,,,,,,,261.0,147.49,,
2024-04-29,,,,,,,,,,,,,,,,261.0,147.49,,
2024-04-30,,,,,,,,,,,,,,,,261.0,147.49,,
2024-05-01,,,,,,,,,,,,,,,,261.0,147.49,,
2024-05-02,,,,,,,,,,,,,,,,261.0,147.49,,
2024-05-03,,,,,,,,,,,,,,,,261.0,147.49,,
2024-05-04,,,,,,,,,,,,,,,,261.0,147.49,,
2024-05-05,,,,,,,,,,,,,,,,261.0,147.49,,
2024-05-06,,,,,,,,,,,,,,,,261.0,147.49,,
2024-05-07,,,,,,,,,,,,,,,,261.0,147.49,,
2024-05-08,,,,,,,,,,,,,,,,261.0,147.49,,
2024-05-09,,,,,,,,,,,,,,,,261.0,147.49,,
2024-05-10,,,,,,,,,,,,,,,,261.0,147.49,,
2024-05-11,,,,,,,,,,,,,,,,261.0,147.49,,
2024-05-12,,,,,,,,,,,,,,,,261.0,147.49,,
2024-05-13,,,,,,,,,,,,,,,,261.0,147.49,,
2024-05-14,,,,,,,,,,,,,,,,261.0,147.49,,
2024-05-15,,,,,,,,,,,,,,,,261.0,147.49,,
2024-05-16,,,,,,,,,,,,,,,,261.0,147.49,,
2024-05-17,,,,,,,,,,,,,,,,261.0,147.49,,
2024-05-18,,,,,,,,,,,,,,,,261.0,147.49,,
2024-05-19,,,,,,,,,,,,,,,,261.0,147.49,,
2024-05-20,,,,,,,,,,,,,,,,261.0,147.49,,
2024-05-21,,,,,,,,,,,,,,,,261.0,147.49,,
2024-05-22,,,,,,,,,,,,,,,,261.0,147.49,,
2024-05-23,,,,,,,,,,,,,,,,261.0,147.49,,
2024-05-24,,,,,,,,,,48.77,,,428.89,,,261.0,147.49,,
2024-05-25,,,,,,,,,,48.77,,,428.89,,,261.0,147.49,,
2024-05-26,,,,,,,,,,48.77,,,428.89,,,261.0,147.49,,
2024-05-27,,,,,,,,,,48.77,,,428.89,,,261.0,147.49,,
2024-05-28,,,,,,,,,,48.77,,,428.89,,,261.0,147.49,,
2024-05-29,,,,,,,,,,48.77,,,428.89,,,261.0,147.49,,
2024-05-30,,,,,,,,,,48.77,,,428.89,,,261.0,147.49,,
2024-05-31,,,,,,,,,,48.77,,,428.89,,,261.0,147.49,,
2024-06-01,,,,,,,,,,48.77,,,428.89,,,261.0,147.49,,
2024-06-02,,,,,,,,,,48.77,,,428.89,,,261.0,147.49,,
2024-06-03,,,,,,,,,,48.77,,,428.89,,,261.0,147.49,,
2024-06-04,,,,,,,896.2,,,48.77,,,428.89,,,261.0,147.49,,
2024-06-05,,,,,,,896.2,,,48.77,,,428.89,,,261.0,147.49,,
2024-06-06,,,,,,,896.2,,,48.77,,,428.89,,,261.0,147.49,,
2024-06-07,,,,,,,896.2,,,48.77,,,428.89,,,261.0,147.49,,
2024-06-08,,,,,,,896.2,,,48.77,,,428.89,,,261.0,147.49,,
2024-06-09,,,,,,,896.2,,,48.77,,,428.89,,,261.0,147.49,,
2024-06-10,,,,,,,896.2,,,48.77,,,428.89,,,261.0,147.49,,
2024-06-11,,,,,,,896.2,,,48.77,,,428.89,,,261.0,147.49,,
2024-06-12,,,,,,,896.2,,,48.77,,,428.89,,,261.0,147.49,,
2024-06-13,,,,,,,896.2,1500.0,,48.77,,,428.89,,,261.0,147.49,,
2024-06-14,,,,,,,896.2,1500.0,,48.77,,,428.89,,,261.0,147.49,,
2024-06-15,,,,,,,896.2,1500.0,,48.77,,,428.89,,,261.0,147.49,,
2024-06-16,,,,,,,896.2,1500.0,,48.77,,,428.89,,,261.0,147.49,,
2024-06-17,,,,,,,896.2,1500.0,,48.77,,,428.89,,,261.0,147.49,,
2024-06-18,,,,,,,896.2,1500.0,,48.77,,,428.89,,,261.0,147.49,,
2024-06-19,,,,,,,896.2,1500.0,,48.77,,,428.89,,,261.0,147.49,,
2024-06-20,,,,,,,896.2,1500.0,,48.77,,,428.89,,,261.0,147.49,,
2024-06-21,,,,,,,896.2,1500.0,,48.77,,,428.89,,,261.0,147.49,,
2024-06-22,,,,,,,896.2,1500.0,,48.77,,,428.89,,,261.0,147.49,,
2024-06-23,,,,,,,896.2,1500.0,,48.77,,,428.89,,,261.0,147.49,,
2024-06-24,,,,,,,896.2,1500.0,,48.77,,,428.89,,,261.0,147.49,,
2024-06-25,,,,,,,896.2,1500.0,,48.77,,,428.89,,,261.0,147.49,,
2024-06-26,,,,,,,896.2,1500.0,,48.77,,,428.89,,,261.0,147.49,,
2024-06-27,,,,,,,896.2,1500.0,,48.77,,,428.89,,,261.0,147.49,,
2024-06-28,,,,,,,896.2,1500.0,,48.77,,,428.89,,,261.0,147.49,,
2024-06-29,,,,,,,896.2,1500.0,,48.77,,,428.89,,,261.0,147.49,,
2024-06-30,,,,,,,896.2,1500.0,,48.77,,,428.89,,,261.0,147.49,,
2024-07-01,,,,,,,896.2,1500.0,,48.77,,,428.89,,,261.0,147.49,,
2024-07-02,,,,,,,896.2,1500.0,,50.26,,,441.62,,,261.0,147.49,,
2024-07-03,,,,,,,896.2,1500.0,,50.26,,,441.62,,,261.0,147.49,,
2024-07-04,,,,,,,896.2,1500.0,,50.26,,,441.62,,,261.0,147.49,,
2024-07-05,,,,,,,896.2,1500.0,,50.26,,,441.62,,,261.0,147.49,,
2024-07-06,,,,,,,896.2,1500.0,,50.26,,,441.62,,,261.0,147.49,,
2024-07-07,,,,,,,896.2,1500.0,,50.26,,,441.62,,,261.0,147.49,,
2024-07-08,,,,,,,896.2,1500.0,,50.26,,,441.62,,,261.0,147.49,,
2024-07-09,,,,,,,896.2,1500.0,,50.26,,,441.62,,,261.0,147.49,,
2024-07-10,,,,,,,896.2,1500.0,,50.26,,,441.62,,,261.0,147.49,,
2024-07-11,,,,,,,896.2,1500.0,,50.26,,,441.62,,,261.0,147.49,,
2024-07-12,,,,,,,896.2,1500.0,,50.26,,,441.62,,,261.0,147.49,,
2024-07-13,,,,,,,896.2,1500.0,,50.26,,,441.62,,,261.0,147.49,,
