date,open,high,low,close,holding
2020-04-21,1096.34,1096.34,1029.56,1040.06,1051.4
2020-04-22,1040.06,1066.52,1010.1,1056.02,1051.4
2020-04-23,1065.12,1094.38,1047.76,1052.52,1051.4
2020-04-24,1047.76,1070.02,1029.56,1031.66,1051.4
2020-04-25,1047.76,1070.02,1029.56,1031.66,1051.4
2020-04-26,1047.76,1070.02,1029.56,1031.66,1051.4
2020-04-27,1057.42,1059.52,1040.76,1047.06,1051.4
2020-04-28,1056.02,1086.68,1047.76,1070.72,1051.4
2020-04-29,1081.08,1103.34,1067.92,1087.38,1051.4
2020-04-30,1081.08,1103.34,1067.92,1087.38,1051.4
2020-05-01,1081.08,1103.34,1067.92,1087.38,1051.4
2020-05-02,1081.08,1103.34,1067.92,1087.38,1051.4
2020-05-03,1081.08,1103.34,1067.92,1087.38,1051.4
2020-05-04,1651.29,1651.29,1539.0,1584.22,1470.4
2020-05-05,2693.53,2773.98,2541.79,2584.95,2635.9
2020-05-06,2625.5,2753.42,2559.59,2697.91,2635.9
2020-05-07,2707.86,2757.77,2635.76,2654.61,2635.9
2020-05-08,2723.42,2726.27,2559.95,2590.55,2635.9
2020-05-09,2723.42,2726.27,2559.95,2590.55,2635.9
2020-05-10,2723.42,2726.27,2559.95,2590.55,2635.9
2020-05-11,2616.55,2778.81,2556.85,2662.03,2635.9
2020-05-12,2640.83,2755.64,2564.56,2622.08,2635.9
2020-05-13,2802.18,2834.68,2635.23,2675.69,2635.9
2020-05-14,2627.52,2673.53,2585.06,2612.82,2635.9
2020-05-15,2610.22,2626.58,2564.01,2596.52,2635.9
2020-05-16,2610.22,2626.58,2564.01,2596.52,2635.9
2020-05-17,2610.22,2626.58,2564.01,2596.52,2635.9
2020-05-18,2586.22,2597.02,2421.29,2471.65,2635.9
2020-05-19,2991.86,3076.13,2912.3,2943.15,3135.9
2020-05-20,2954.4,3035.22,2931.95,2994.11,3135.9
2020-05-21,2987.26,3118.47,2983.46,3043.27,3135.9
2020-05-22,3065.21,3075.67,2997.05,3016.06,3135.9
2020-05-23,3065.21,3075.67,2997.05,3016.06,3135.9
2020-05-24,3065.21,3075.67,2997.05,3016.06,3135.9
2020-05-25,3065.21,3075.67,2997.05,3016.06,3135.9
2020-05-26,3060.02,3216.58,3037.41,3070.56,3135.9
2020-05-27,3100.77,3142.23,3045.17,3115.82,3135.9
2020-05-28,3140.53,3241.59,3104.97,3152.68,3135.9
2020-05-29,3114.43,3151.89,3073.12,3123.33,3135.9
2020-05-30,3114.43,3151.89,3073.12,3123.33,3135.9
2020-05-31,3114.43,3151.89,3073.12,3123.33,3135.9
2020-06-01,3315.85,3356.51,3100.59,3187.0,3135.9
2020-06-02,3182.45,3430.3,3182.45,3397.74,3135.9
2020-06-03,3493.22,3522.87,3391.8,3423.36,3135.9
2020-06-04,3441.26,3479.07,3349.35,3392.31,3135.9
2020-06-05,3491.27,3741.59,3449.21,3665.08,3135.9
2020-06-06,3491.27,3741.59,3449.21,3665.08,3135.9
2020-06-07,3491.27,3741.59,3449.21,3665.08,3135.9
2020-06-08,3774.81,3855.18,3662.85,3718.96,3135.9
2020-06-09,3768.77,3801.72,3590.78,3626.94,3135.9
2020-06-10,3602.58,3761.2,3556.22,3689.24,3135.9
2020-06-11,3634.03,3735.38,3520.6,3554.05,3135.9
2020-06-12,3376.86,3624.55,3333.85,3528.2,3135.9
2020-06-13,3376.86,3624.55,3333.85,3528.2,3135.9
2020-06-14,3376.86,3624.55,3333.85,3528.2,3135.9
2020-06-15,1979.8,1979.8,1889.17,1896.77,1470.4
2020-06-16,1911.97,1954.34,1737.17,1789.23,1470.4
2020-06-17,1752.37,1820.39,1737.17,1802.34,1470.4
2020-06-18,1790.18,1835.4,1775.93,1820.39,1470.4
2020-06-19,1790.18,1835.4,1775.93,1820.39,1470.4
2020-06-20,1790.18,1835.4,1775.93,1820.39,1470.4
2020-06-21,1790.18,1835.4,1775.93,1820.39,1470.4
2020-06-22,1960.04,1980.75,1907.22,1938.38,1470.4
2020-06-23,1941.23,2001.65,1923.18,1970.49,1470.4
2020-06-24,1981.7,2092.28,1967.64,1978.09,1470.4
2020-06-25,1963.84,2005.45,1918.43,1960.99,1470.4
2020-06-26,1995.0,2001.65,1896.77,1917.48,1470.4
2020-06-27,1995.0,2001.65,1896.77,1917.48,1470.4
2020-06-28,1995.0,2001.65,1896.77,1917.48,1470.4
2020-06-29,1907.22,1912.92,1851.55,1878.91,1470.4
2020-06-30,1907.22,1912.92,1851.55,1878.91,1470.4
2020-07-01,1864.66,1914.82,1854.4,1901.52,1470.4
2020-07-02,1907.22,1944.08,1896.77,1917.48,1470.4
2020-07-03,1907.22,1944.08,1896.77,1917.48,3030.4
2020-07-04,1907.22,1944.08,1896.77,1917.48,3030.4
2020-07-05,1907.22,1944.08,1896.77,1917.48,3030.4
2020-07-06,3521.04,3710.08,3521.04,3683.22,3030.4
2020-07-07,3716.88,3804.94,3650.92,3684.92,3030.4
2020-07-08,3710.08,3747.48,3527.84,3563.2,3030.4
2020-07-09,3598.56,3679.82,3534.64,3615.56,3030.4
2020-07-10,3610.46,3669.62,3564.9,3634.26,3030.4
2020-07-11,3610.46,3669.62,3564.9,3634.26,3030.4
2020-07-12,3610.46,3669.62,3564.9,3634.26,3030.4
2020-07-13,3683.22,3787.94,3610.46,3647.86,3030.4
2020-07-14,3596.86,3634.26,3517.64,3553.0,3030.4
2020-07-15,3603.66,3610.46,3463.58,3487.04,3030.4
2020-07-16,3514.24,3514.24,3401.02,3480.58,3030.4
2020-07-17,3497.24,3610.46,3490.44,3595.5,3030.4
2020-07-18,3497.24,3610.46,3490.44,3595.5,3030.4
2020-07-19,3497.24,3610.46,3490.44,3595.5,3030.4
2020-07-20,3596.86,3596.86,3507.44,3547.9,3030.4
2020-07-21,3581.9,3706.68,3566.6,3666.22,3030.4
2020-07-22,3669.62,3708.38,3526.14,3553.0,3030.4
2020-07-23,3551.3,3596.86,3536.34,3583.6,3030.4
2020-07-24,3544.5,3564.9,3473.78,3505.74,3030.4
2020-07-25,3544.5,3564.9,3473.78,3505.74,3030.4
2020-07-26,3544.5,3564.9,3473.78,3505.74,3030.4
2020-07-27,4749.34,4764.64,4654.82,4666.38,4260.4
2020-07-28,4573.58,4817.36,4563.38,4788.56,4260.4
2020-07-29,6503.76,6657.12,6364.2,6440.9,6000.4
2020-07-30,6892.7,6967.46,6714.38,6766.54,6397.9
2020-07-31,6892.7,6967.46,6714.38,6766.54,6397.9
2020-08-01,6892.7,6967.46,6714.38,6766.54,6397.9
2020-08-02,6892.7,6967.46,6714.38,6766.54,6397.9
2020-08-03,6801.34,7242.2,6735.38,7169.6,6397.9
2020-08-04,7212.7,7317.46,7083.28,7134.84,6397.9
2020-08-05,7162.44,7461.42,7117.24,7342.66,6397.9
2020-08-06,7442.96,7533.02,7377.06,7472.62,6397.9
2020-08-07,7518.22,7734.54,7384.52,7703.28,6397.9
2020-08-08,7518.22,7734.54,7384.52,7703.28,6397.9
2020-08-09,7518.22,7734.54,7384.52,7703.28,6397.9
2020-08-10,7812.44,8033.72,7738.54,7987.96,6397.9
2020-08-11,8126.12,8162.82,7966.7,8020.2,6397.9
2020-08-12,8105.0,8349.38,8061.34,8274.82,6397.9
2020-08-13,8451.88,8647.76,8106.82,8394.16,6397.9
2020-08-14,8418.16,8475.32,7966.86,8017.82,6397.9
2020-08-15,8418.16,8475.32,7966.86,8017.82,6397.9
2020-08-16,8418.16,8475.32,7966.86,8017.82,6397.9
2020-08-17,7966.42,8073.88,7759.94,7879.16,6397.9
2020-08-18,7874.26,8136.88,7786.66,8060.52,6397.9
2020-08-19,8212.08,8291.04,8084.82,8185.12,6397.9
2020-08-20,8148.46,8330.02,7951.8,8078.8,6397.9
2020-08-21,8174.96,8273.82,7952.44,8040.94,6397.9
2020-08-22,8174.96,8273.82,7952.44,8040.94,6397.9
2020-08-23,8174.96,8273.82,7952.44,8040.94,6397.9
2020-08-24,8054.9,8171.46,7891.04,7962.6,6397.9
2020-08-25,7982.9,8255.54,7885.1,8146.88,6397.9
2020-08-26,8258.6,8589.16,8153.54,8496.9,6397.9
2020-08-27,8574.66,8866.8,8517.26,8716.74,6397.9
2020-08-28,8750.38,9051.4,8507.74,8842.98,6397.9
2020-08-29,8750.38,9051.4,8507.74,8842.98,6397.9
2020-08-30,8750.38,9051.4,8507.74,8842.98,6397.9
2020-08-31,8750.38,9051.4,8507.74,8842.98,6397.9
2020-09-01,8769.34,8939.04,8343.26,8674.14,6397.9
2020-09-02,8771.6,9057.38,8539.92,8935.28,6397.9
2020-09-03,9012.88,9366.7,8906.72,9185.28,6397.9
2020-09-04,8859.96,9277.1,8786.3,8936.16,6397.9
2020-09-05,8859.96,9277.1,8786.3,8936.16,6397.9
2020-09-06,8859.96,9277.1,8786.3,8936.16,6397.9
2020-09-07,9094.52,9176.54,8899.16,8990.72,6397.9
2020-09-08,9012.12,9033.32,8598.52,8655.28,6397.9
2020-09-09,8549.82,8597.22,8252.14,8506.96,6397.9
2020-09-10,8613.28,8768.84,8436.0,8688.88,6397.9
2020-09-11,8750.18,8917.7,8643.12,8811.64,6397.9
2020-09-12,8750.18,8917.7,8643.12,8811.64,6397.9
2020-09-13,8750.18,8917.7,8643.12,8811.64,6397.9
2020-09-14,8994.16,9207.38,8829.9,9003.96,6397.9
2020-09-15,9083.72,9117.92,8881.1,8969.96,6397.9
2020-09-16,9015.72,9202.9,8894.76,9029.08,6397.9
2020-09-17,8958.08,8997.48,8718.2,8845.36,6397.9
2020-09-18,8913.12,8998.28,8739.8,8824.66,6397.9
2020-09-19,8913.12,8998.28,8739.8,8824.66,6397.9
2020-09-20,8913.12,8998.28,8739.8,8824.66,6397.9
2020-09-21,8826.66,8834.36,8195.38,8283.3,6397.9
2020-09-22,8266.6,8310.4,7847.6,8058.72,6397.9
2020-09-23,8181.14,8232.24,7719.54,7893.86,6397.9
2020-09-24,7713.34,7801.04,7439.0,7535.16,6397.9
2020-09-25,7636.22,7948.54,7531.26,7866.28,6397.9
2020-09-26,7636.22,7948.54,7531.26,7866.28,6397.9
2020-09-27,7636.22,7948.54,7531.26,7866.28,6397.9
2020-09-28,7978.9,8229.88,7849.38,8106.02,6397.9
2020-09-29,8191.68,8234.44,7906.1,7974.66,6397.9
2020-09-30,8191.68,8234.44,7906.1,7974.66,6397.9
2020-10-01,8029.64,8133.14,7882.72,7953.32,6397.9
2020-10-02,8029.64,8133.14,7882.72,7953.32,6397.9
2020-10-03,8029.64,8133.14,7882.72,7953.32,6397.9
2020-10-04,8029.64,8133.14,7882.72,7953.32,6397.9
2020-10-05,8113.74,8177.4,7889.36,7969.22,6397.9
2020-10-06,8103.6,8402.0,7982.64,8319.24,6397.9
2020-10-07,8290.14,8318.74,8078.96,8131.72,6397.9
2020-10-08,8199.88,8294.58,8077.76,8151.82,6397.9
2020-10-09,8171.92,8274.98,8024.5,8098.6,6397.9
2020-10-10,8171.92,8274.98,8024.5,8098.6,6397.9
2020-10-11,8171.92,8274.98,8024.5,8098.6,6397.9
2020-10-12,8157.36,8215.36,7851.42,7959.64,6397.9
2020-10-13,7933.28,8028.54,7799.92,7864.68,6397.9
2020-10-14,7868.42,7910.38,7637.74,7747.5,6397.9
2020-10-15,7780.06,7875.58,7510.08,7537.28,6397.9
2020-10-16,7625.4,7678.5,7473.08,7563.84,6397.9
2020-10-17,7625.4,7678.5,7473.08,7563.84,6397.9
2020-10-18,7625.4,7678.5,7473.08,7563.84,6397.9
2020-10-19,7689.9,7747.2,7556.84,7628.54,6397.9
2020-10-20,7646.64,7792.1,7517.68,7714.8,6397.9
2020-10-21,7776.36,7884.32,7593.64,7731.5,6397.9
2020-10-22,7664.34,7902.18,7607.94,7818.12,6397.9
2020-10-23,7877.38,8131.5,7831.78,8051.64,6397.9
2020-10-24,7877.38,8131.5,7831.78,8051.64,6397.9
2020-10-25,7877.38,8131.5,7831.78,8051.64,6397.9
2020-10-26,8233.06,8305.62,7774.06,7910.62,6397.9
2020-10-27,7904.02,8012.04,7716.76,7907.14,6397.9
2020-10-28,7989.2,8190.18,7756.42,7815.48,6397.9
2020-10-29,7686.86,7746.22,7542.2,7664.16,6397.9
2020-10-30,7675.42,7838.28,7568.5,7725.62,6397.9
2020-10-31,7675.42,7838.28,7568.5,7725.62,6397.9
2020-11-01,7675.42,7838.28,7568.5,7725.62,6397.9
2020-11-02,7766.72,7839.42,7616.26,7733.92,6397.9
2020-11-03,7841.38,7930.2,7733.42,7771.48,6397.9
2020-11-04,7786.08,7887.74,7716.72,7802.84,6397.9
2020-11-05,7853.44,7928.6,7803.74,7879.6,6397.9
2020-11-06,7901.9,8095.98,7867.5,7933.9,6397.9
2020-11-07,7901.9,8095.98,7867.5,7933.9,6397.9
2020-11-08,7901.9,8095.98,7867.5,7933.9,6397.9
2020-11-09,8010.86,8159.42,7923.8,8126.32,6397.9
2020-11-10,8307.58,8445.6,8267.18,8407.8,6397.9
2020-11-11,8513.4,8720.18,8463.1,8663.68,6397.9
2020-11-12,8703.82,8848.7,8525.22,8689.08,6397.9
2020-11-13,8630.22,8759.12,8415.4,8583.0,6397.9
2020-11-14,8716.42,8834.08,8632.76,8702.32,6397.9
2020-11-15,8716.42,8834.08,8632.76,8702.32,6397.9
2020-11-16,8716.42,8834.08,8632.76,8702.32,6397.9
2020-11-17,8804.38,9149.18,8768.28,9041.82,6397.9
2020-11-18,9032.88,9703.48,9012.08,9592.62,6397.9
2020-11-19,9514.06,9718.64,9221.98,9317.08,6397.9
2020-11-20,9425.0,9565.46,9221.82,9446.44,6397.9
2020-11-21,9425.0,9565.46,9221.82,9446.44,6397.9
2020-11-22,9425.0,9565.46,9221.82,9446.44,6397.9
2020-11-23,9509.24,9718.12,9300.12,9532.9,6397.9
2020-11-24,9625.26,9771.38,9522.7,9601.96,6397.9
2020-11-25,9715.38,9848.24,9373.54,9489.7,6397.9
2020-11-26,9516.96,9669.58,9415.9,9597.62,6397.9
2020-11-27,9640.32,10110.38,9598.72,9933.16,6397.9
2020-11-28,9640.32,10110.38,9598.72,9933.16,6397.9
2020-11-29,9640.32,10110.38,9598.72,9933.16,6397.9
2020-11-30,9640.32,10110.38,9598.72,9933.16,6397.9
2020-12-01,10156.78,10213.78,9900.4,10069.26,6397.9
2020-12-02,10277.38,10427.5,9998.92,10187.28,6397.9
2020-12-03,10287.14,10382.44,10151.18,10284.64,6397.9
2020-12-04,10361.6,10466.26,10094.92,10227.28,6397.9
2020-12-05,10361.6,10466.26,10094.92,10227.28,6397.9
2020-12-06,10361.6,10466.26,10094.92,10227.28,6397.9
2020-12-07,10290.64,10408.3,10187.98,10264.38,6397.9
2020-12-08,10366.04,10742.74,10138.7,10576.62,6397.9
2020-12-09,10790.22,11077.6,10629.02,10852.22,6397.9
2020-12-10,10995.32,11122.82,10602.34,10855.14,6397.9
2020-12-11,10928.3,11164.62,10665.74,10822.6,6397.9
2020-12-12,10928.3,11164.62,10665.74,10822.6,6397.9
2020-12-13,10928.3,11164.62,10665.74,10822.6,6397.9
2020-12-14,10928.96,10964.66,10603.34,10654.44,6397.9
2020-12-15,10521.34,10725.2,10307.92,10638.1,6397.9
2020-12-16,10759.86,10944.08,10607.36,10778.42,6397.9
2020-12-17,10802.58,10873.58,10570.56,10630.52,6397.9
2020-12-18,10595.56,10769.52,10282.84,10667.06,6397.9
2020-12-19,10595.56,10769.52,10282.84,10667.06,6397.9
2020-12-20,10595.56,10769.52,10282.84,10667.06,6397.9
2020-12-21,10545.54,10601.64,9748.6,9872.06,6397.9
2020-12-22,9742.96,10019.24,9378.66,9802.62,6397.9
2020-12-23,9816.32,10097.64,9642.36,10007.44,6397.9
2020-12-24,10129.56,10383.8,9985.16,10184.28,6397.9
2020-12-25,10129.56,10383.8,9985.16,10184.28,6397.9
2020-12-26,10129.56,10383.8,9985.16,10184.28,6397.9
2020-12-27,10129.56,10383.8,9985.16,10184.28,6397.9
2020-12-28,10379.86,10745.7,10293.7,10618.1,6397.9
2020-12-29,10702.06,10782.96,10406.56,10527.98,6397.9
2020-12-30,10527.18,10625.84,10351.16,10536.58,6397.9
2020-12-31,10527.18,10625.84,10351.16,10536.58,6397.9
2021-01-01,10648.84,10880.6,10596.64,10788.3,6397.9
2021-01-02,10648.84,10880.6,10596.64,10788.3,6397.9
2021-01-03,10648.84,10880.6,10596.64,10788.3,6397.9
2021-01-04,11091.18,11185.94,10846.56,11020.78,6397.9
2021-01-05,10842.1,11161.44,10706.74,11074.44,6397.9
2021-01-06,11165.14,11330.42,10914.42,11146.4,6397.9
2021-01-07,11240.46,11425.68,11123.2,11200.06,6397.9
2021-01-08,11325.98,11433.34,11157.56,11240.02,6397.9
2021-01-09,11325.98,11433.34,11157.56,11240.02,6397.9
2021-01-10,11325.98,11433.34,11157.56,11240.02,6397.9
2021-01-11,11339.08,12245.48,11204.58,11933.9,6397.9
2021-01-12,12192.36,13120.14,11983.48,12636.26,6397.9
2021-01-13,12861.2,13108.78,12474.52,12775.64,6397.9
2021-01-14,12805.7,13109.34,12594.02,12882.16,6397.9
2021-01-15,12911.12,13658.48,12667.04,13429.7,6397.9
2021-01-16,12911.12,13658.48,12667.04,13429.7,6397.9
2021-01-17,12911.12,13658.48,12667.04,13429.7,6397.9
2021-01-18,13567.52,13589.42,12652.08,12882.46,6397.9
2021-01-19,13105.4,13547.66,13069.3,13409.74,6397.9
2021-01-20,13465.1,14093.56,13325.64,13930.94,6397.9
2021-01-21,14179.44,14798.04,13950.42,14324.74,6397.9
2021-01-22,14533.72,14944.24,13771.56,14207.78,6397.9
2021-01-23,14533.72,14944.24,13771.56,14207.78,6397.9
2021-01-24,14533.72,14944.24,13771.56,14207.78,6397.9
2021-01-25,14654.1,14673.3,13571.36,13679.02,6397.9
2021-01-26,14654.1,14673.3,13571.36,13679.02,6397.9
2021-01-27,13626.46,13649.46,13078.74,13166.7,6397.9
2021-01-28,12799.1,13354.28,12715.84,13031.44,6397.9
2021-01-29,13280.28,13616.22,12751.2,12979.32,6397.9
2021-01-30,13280.28,13616.22,12751.2,12979.32,6397.9
2021-01-31,13280.28,13616.22,12751.2,12979.32,6397.9
2021-02-01,13280.16,13858.54,12658.22,13755.12,6397.9
2021-02-02,14231.5,15650.6,14040.48,15248.58,6397.9
2021-02-03,15834.04,16050.0,15304.46,15585.94,6397.9
2021-02-04,15575.04,15829.86,15238.74,15467.86,6397.9
2021-02-05,15675.02,15859.78,15053.08,15197.34,6397.9
2021-02-06,15675.02,15859.78,15053.08,15197.34,6397.9
2021-02-07,15675.02,15859.78,15053.08,15197.34,6397.9
2021-02-08,21470.86,22463.16,21236.8,22075.96,12877.9
2021-02-09,22377.53,22599.7,21513.0,21747.27,13124.06
2021-02-10,21863.49,22255.76,21429.17,21920.66,13124.06
2021-02-11,21850.17,22210.28,21625.42,21816.28,13124.06
2021-02-12,21884.45,22096.22,21500.02,21757.99,13124.06
2021-02-13,21884.45,22096.22,21500.02,21757.99,13124.06
2021-02-14,21884.45,22096.22,21500.02,21757.99,13124.06
2021-02-15,21993.99,22308.22,21580.97,21953.27,13124.06
2021-02-16,22122.08,22476.54,21673.39,22008.84,13124.06
2021-02-17,21949.8,22464.68,21805.53,22147.77,13124.06
2021-02-18,22259.89,22607.75,21605.49,22134.41,13124.06
2021-02-19,22110.09,22338.01,20960.37,21493.3,13124.06
2021-02-20,22110.09,22338.01,20960.37,21493.3,13124.06
2021-02-21,22110.09,22338.01,20960.37,21493.3,13124.06
2021-02-22,24390.37,24655.82,23704.27,23919.31,16094.06
2021-02-23,24068.39,25178.12,24001.48,24817.57,16094.06
2021-02-24,25028.36,25482.03,23865.28,25081.07,16094.06
2021-02-25,25294.01,25948.9,25154.61,25674.13,16094.06
2021-02-26,25179.98,25691.94,24732.82,25133.59,16094.06
2021-02-27,25179.98,25691.94,24732.82,25133.59,16094.06
2021-02-28,25179.98,25691.94,24732.82,25133.59,16094.06
2021-03-01,25603.98,26087.69,25129.09,25636.6,16094.06
2021-03-02,26052.0,26694.08,25583.97,26522.89,16094.06
2021-03-03,27109.44,27567.06,26753.32,27185.69,16094.06
2021-03-04,26812.26,28041.14,26437.7,27305.05,30515.06
2021-03-05,37115.31,37777.82,34640.53,35362.36,22991.06
2021-03-06,37115.31,37777.82,34640.53,35362.36,22991.06
2021-03-07,37115.31,37777.82,34640.53,35362.36,22991.06
2021-03-08,35959.54,36445.76,34383.99,34705.24,22991.06
2021-03-09,26798.11,26981.69,25578.45,26059.76,16094.06
2021-03-10,26447.27,26667.8,25974.31,26313.34,16094.06
2021-03-11,26447.27,26667.8,25974.31,26313.34,16094.06
2021-03-12,26617.85,27256.95,25969.11,26731.39,16094.06
2021-03-13,26617.85,27256.95,25969.11,26731.39,16094.06
2021-03-14,26617.85,27256.95,25969.11,26731.39,16094.06
2021-03-15,26975.72,26988.73,25813.96,26537.59,16094.06
2021-03-16,26673.86,26810.28,26115.08,26337.57,16094.06
2021-03-17,26299.33,26484.55,24938.75,25113.64,16094.06
2021-03-18,25478.78,25875.17,24047.02,24811.0,16094.06
2021-03-19,24629.39,25445.15,23662.32,25274.78,16094.06
2021-03-20,24629.39,25445.15,23662.32,25274.78,16094.06
2021-03-21,24629.39,25445.15,23662.32,25274.78,16094.06
2021-03-22,25399.43,25581.73,24842.65,25119.05,16094.06
2021-03-23,25233.41,25646.05,25052.1,25260.33,16094.06
2021-03-24,25053.16,25353.87,24295.38,24398.11,16094.06
2021-03-25,24413.0,24515.72,23295.81,23654.3,16094.06
2021-03-26,24148.74,24907.51,23957.32,24518.26,16094.06
2021-03-27,24148.74,24907.51,23957.32,24518.26,16094.06
2021-03-28,24148.74,24907.51,23957.32,24518.26,16094.06
2021-03-29,24148.74,24907.51,23957.32,24518.26,16094.06
2021-03-30,24891.35,25385.06,24305.59,24911.36,16094.06
2021-03-31,24888.19,25382.06,24305.31,24910.94,16094.06
2021-04-01,25205.24,25616.61,24952.66,25443.29,16094.06
2021-04-02,25205.24,25616.61,24952.66,25443.29,16094.06
2021-04-03,25205.24,25616.61,24952.66,25443.29,16094.06
2021-04-04,25205.24,25616.61,24952.66,25443.29,16094.06
2021-04-05,25483.06,25681.87,24438.43,25080.25,16094.06
2021-04-06,25123.53,25875.56,24932.98,25329.66,16094.06
2021-04-07,25273.5,25599.54,24907.35,25303.88,16094.06
2021-04-08,25429.05,26010.87,25258.31,25553.66,16094.06
2021-04-09,25642.73,26135.7,25288.5,25609.69,16094.06
2021-04-10,25642.73,26135.7,25288.5,25609.69,16094.06
2021-04-11,25642.73,26135.7,25288.5,25609.69,16094.06
2021-04-12,43759.21,43809.85,40438.14,40951.06,35237.61
2021-04-13,41144.91,42622.02,40123.83,42148.21,35237.61
2021-04-14,41144.91,42622.02,40123.83,42148.21,35237.61
2021-04-15,41619.44,42335.86,40864.65,41716.73,35237.61
2021-04-16,41809.3,42925.01,41388.59,42365.64,35237.61
2021-04-17,41809.3,42925.01,41388.59,42365.64,35237.61
2021-04-18,41809.3,42925.01,41388.59,42365.64,35237.61
2021-04-19,40645.68,41928.48,40377.06,41397.69,35237.61
2021-04-20,42136.42,42259.52,40661.47,41118.94,35237.61
2021-04-21,42136.42,42259.52,40661.47,41118.94,35237.61
2021-04-22,40951.97,41703.56,40590.45,41005.34,35237.61
2021-04-23,40773.07,41620.73,40490.89,40978.21,35237.61
2021-04-24,40773.07,41620.73,40490.89,40978.21,35237.61
2021-04-25,40773.07,41620.73,40490.89,40978.21,35237.61
2021-04-26,41136.89,41607.36,40896.01,41228.31,35237.61
2021-04-27,41367.25,42139.53,41209.54,41933.83,35237.61
2021-04-28,42183.77,42686.95,41925.57,42273.4,35237.61
2021-04-29,42582.45,42926.73,41794.02,41929.77,35237.61
2021-04-30,42589.79,42925.03,41800.08,41929.51,35237.61
2021-05-01,42589.79,42925.03,41800.08,41929.51,35237.61
2021-05-02,42589.79,42925.03,41800.08,41929.51,35237.61
2021-05-03,40643.88,41725.07,40320.28,41480.0,35237.61
2021-05-04,41832.17,42424.63,40966.98,41266.36,35237.61
2021-05-05,41882.63,41932.7,41127.95,41604.88,35237.61
2021-05-06,41680.28,42689.38,41343.12,42337.48,35237.61
2021-05-07,42631.3,42854.18,42069.04,42306.94,35237.61
2021-05-08,42631.3,42854.18,42069.04,42306.94,35237.61
2021-05-09,42631.3,42854.18,42069.04,42306.94,35237.61
2021-05-10,47296.78,48757.35,46953.54,48385.05,40347.61
2021-05-11,47906.09,48967.1,47418.11,48314.73,40347.61
2021-05-12,48554.26,49966.94,47826.01,48791.75,40347.61
2021-05-13,48554.26,49966.94,47826.01,48791.75,40347.61
2021-05-14,49180.53,49390.4,47015.9,47258.42,40347.61
2021-05-15,49180.53,49390.4,47015.9,47258.42,40347.61
2021-05-16,49180.53,49390.4,47015.9,47258.42,40347.61
2021-05-17,47729.76,48758.6,47301.66,48415.4,40347.61
2021-05-18,49032.9,50026.14,48660.06,49341.93,40347.61
2021-05-19,48344.09,49191.24,47860.06,48124.05,40347.61
2021-05-20,48382.27,48574.22,47362.99,47633.14,40347.61
2021-05-21,48219.25,48885.91,47737.04,48529.69,40347.61
2021-05-22,48219.25,48885.91,47737.04,48529.69,40347.61
2021-05-23,48219.25,48885.91,47737.04,48529.69,40347.61
2021-05-24,48947.23,49499.26,48316.33,48925.57,40347.61
2021-05-25,49354.68,49787.42,48898.74,49186.25,40347.61
2021-05-26,49477.33,49993.21,48938.22,49324.45,40347.61
2021-05-27,49537.26,50342.59,49201.41,49786.07,40347.61
2021-05-28,50304.3,50537.62,49383.66,49707.44,40347.61
2021-05-29,50304.3,50537.62,49383.66,49707.44,40347.61
2021-05-30,50304.3,50537.62,49383.66,49707.44,40347.61
2021-05-31,50300.06,50533.38,49384.16,49708.18,40347.61
2021-06-01,50061.83,50560.51,49356.37,49687.58,40347.61
2021-06-02,49490.75,50665.28,49276.5,50408.84,40347.61
2021-06-03,50849.02,51297.42,50408.79,50813.47,40347.61
2021-06-04,45056.15,45846.45,44531.53,45416.43,35153.97
2021-06-05,45056.15,45846.45,44531.53,45416.43,35153.97
2021-06-06,45056.15,45846.45,44531.53,45416.43,35153.97
2021-06-07,45841.85,47377.79,45584.49,46799.7,35153.97
2021-06-08,47091.12,48388.59,46299.72,47719.67,35153.97
2021-06-09,48413.81,49816.04,46885.31,47803.36,35153.97
2021-06-10,48462.59,48943.97,47834.02,48392.74,35153.97
2021-06-11,48826.89,49394.11,48026.44,48680.45,35153.97
2021-06-12,48826.89,49394.11,48026.44,48680.45,35153.97
2021-06-13,48826.89,49394.11,48026.44,48680.45,35153.97
2021-06-14,35895.9,36366.9,34253.85,35872.05,21967.9
2021-06-15,54289.64,55001.9,53631.27,53927.43,41227.9
2021-06-16,53857.56,54832.71,53100.21,53833.53,41227.9
2021-06-17,53638.08,54461.11,52738.48,53319.12,41227.9
2021-06-18,53442.46,53699.61,50901.03,52364.95,41227.9
2021-06-19,53442.46,53699.61,50901.03,52364.95,41227.9
2021-06-20,53442.46,53699.61,50901.03,52364.95,41227.9
2021-06-21,51231.12,52646.02,50851.87,52400.5,41227.9
2021-06-22,52856.02,53598.17,52205.73,52542.57,41227.9
2021-06-23,52922.67,53234.98,51999.3,52169.23,41227.9
2021-06-24,52258.06,52512.3,51494.11,51716.89,41227.9
2021-06-25,51995.67,52986.27,51944.29,52463.66,41227.9
2021-06-26,51995.67,52986.27,51944.29,52463.66,41227.9
2021-06-27,51995.67,52986.27,51944.29,52463.66,41227.9
2021-06-28,52752.26,53410.41,52361.56,52981.26,41227.9
2021-06-29,53281.56,53629.73,52359.08,52834.98,41227.9
2021-06-30,53281.56,53629.73,52359.08,52834.98,41227.9
2021-07-01,52959.75,53378.97,52564.82,52817.43,41227.9
2021-07-02,52944.81,53981.51,52471.73,53673.05,41227.9
2021-07-03,52944.81,53981.51,52471.73,53673.05,41227.9
2021-07-04,52944.81,53981.51,52471.73,53673.05,41227.9
2021-07-05,54211.14,54904.26,53580.13,54359.52,41227.9
2021-07-06,54619.6,55328.28,51482.22,52042.78,41227.9
2021-07-07,52083.38,52566.01,51206.69,52293.79,41227.9
2021-07-08,52326.37,52768.86,51153.85,51511.46,41227.9
2021-07-09,51382.28,52096.54,50889.79,51656.13,41227.9
2021-07-10,51382.28,52096.54,50889.79,51656.13,41227.9
2021-07-11,51382.28,52096.54,50889.79,51656.13,41227.9
2021-07-12,52164.95,52742.57,51549.15,51898.32,41227.9
2021-07-13,52264.59,52555.41,51712.41,52249.58,41227.9
2021-07-14,52436.21,52833.3,51959.66,52114.33,41227.9
2021-07-15,52346.25,52779.18,51883.05,52266.51,41227.9
2021-07-16,52422.93,52921.83,52084.62,52385.27,41227.9
2021-07-17,52422.93,52921.83,52084.62,52385.27,41227.9
2021-07-18,52422.93,52921.83,52084.62,52385.27,41227.9
2021-07-19,52342.45,53027.06,51789.55,52288.29,41227.9
2021-07-20,52234.89,52415.12,50727.82,51015.8,41227.9
2021-07-21,52234.89,52415.12,50727.82,51015.8,41227.9
2021-07-22,51617.45,51874.36,50988.39,51395.58,41227.9
2021-07-23,51538.02,51690.72,50605.77,50753.46,41227.9
2021-07-24,51538.02,51690.72,50605.77,50753.46,41227.9
2021-07-25,51538.02,51690.72,50605.77,50753.46,41227.9
2021-07-26,50869.31,51290.81,50108.22,50597.8,41227.9
2021-07-27,50619.84,51174.31,49652.29,49985.22,41227.9
2021-07-28,50190.07,50218.77,48913.76,49384.8,41227.9
2021-07-29,49559.26,50772.23,49511.7,50432.14,41227.9
2021-07-30,50504.68,51742.74,50358.1,51036.08,41227.9
2021-07-31,50504.68,51742.74,50358.1,51036.08,41227.9
2021-08-01,50504.68,51742.74,50358.1,51036.08,41227.9
2021-08-02,51776.42,52771.73,51226.01,52262.22,41227.9
2021-08-03,52621.68,53104.48,52013.42,52469.72,41227.9
2021-08-04,52790.31,53038.52,51548.13,51844.36,41227.9
2021-08-05,51858.07,52663.93,51055.07,52367.46,41227.9
2021-08-06,61345.52,62719.93,61029.37,61704.01,60878.9
2021-08-07,61345.52,62719.93,61029.37,61704.01,60878.9
2021-08-08,61345.52,62719.93,61029.37,61704.01,60878.9
2021-08-09,62252.81,62981.72,60533.82,61539.91,60878.9
2021-08-10,61653.25,62344.63,59984.8,60788.72,60878.9
2021-08-11,61077.49,61699.14,59534.74,61189.65,60878.9
2021-08-12,61516.04,63050.05,61116.14,62454.34,60878.9
2021-08-13,62825.54,63352.34,62081.87,62587.04,60878.9
2021-08-14,62825.54,63352.34,62081.87,62587.04,60878.9
2021-08-15,62825.54,63352.34,62081.87,62587.04,60878.9
2021-08-16,62615.17,63289.85,61901.1,62331.6,60878.9
2021-08-17,62448.34,62826.53,60915.04,61702.2,60878.9
2021-08-18,61846.66,62067.48,61000.82,61244.38,60878.9
2021-08-19,61846.66,62067.48,61000.82,61244.38,60878.9
2021-08-20,60719.15,61194.64,59167.98,59634.92,60878.9
2021-08-21,60719.15,61194.64,59167.98,59634.92,60878.9
2021-08-22,60719.15,61194.64,59167.98,59634.92,60878.9
2021-08-23,59988.8,60465.14,57892.16,58660.32,60878.9
2021-08-24,58714.07,59601.52,57935.11,59173.01,60878.9
2021-08-25,59520.85,60230.93,58996.29,59335.86,60878.9
2021-08-26,59500.43,60095.37,58895.55,59471.13,60878.9
2021-08-27,59614.64,60379.74,59235.73,59966.57,60878.9
2021-08-28,59614.64,60379.74,59235.73,59966.57,60878.9
2021-08-29,59614.64,60379.74,59235.73,59966.57,60878.9
2021-08-30,60433.21,61060.55,60278.72,60632.39,60878.9
2021-08-31,60433.21,61060.55,60278.72,60632.39,60878.9
2021-09-01,60950.39,62294.87,60348.49,61745.08,60878.9
2021-09-02,61980.5,62516.18,61442.88,61959.7,60878.9
2021-09-03,62174.28,62802.91,61638.57,62234.41,60878.9
2021-09-04,62174.28,62802.91,61638.57,62234.41,60878.9
2021-09-05,62174.28,62802.91,61638.57,62234.41,60878.9
2021-09-06,62502.82,62930.25,61942.15,62246.2,60878.9
2021-09-07,62357.95,62796.78,61026.99,61651.57,60878.9
2021-09-08,61920.43,62847.04,61177.93,62386.26,60878.9
2021-09-09,62274.13,63147.13,61855.81,62557.81,60878.9
2021-09-10,62274.13,63147.13,61855.81,62557.81,60878.9
2021-09-11,62274.13,63147.13,61855.81,62557.81,60878.9
2021-09-12,62274.13,63147.13,61855.81,62557.81,60878.9
2021-09-13,62662.64,63224.98,62040.48,62815.89,60878.9
2021-09-14,63164.5,63958.11,62675.61,63465.03,60878.9
2021-09-15,63595.21,65503.74,63357.47,65011.33,60878.9
2021-09-16,64837.45,65710.62,64092.0,64943.08,60878.9
2021-09-17,65177.06,65467.7,63259.53,63868.33,60878.9
2021-09-18,65177.06,65467.7,63259.53,63868.33,60878.9
2021-09-19,65177.06,65467.7,63259.53,63868.33,60878.9
2021-09-20,63506.03,64095.57,61256.51,61599.6,60878.9
2021-09-21,61512.2,62346.6,60309.77,61872.75,60878.9
2021-09-22,62120.44,63750.08,62028.04,63209.97,60878.9
2021-09-23,63789.39,65552.06,63427.05,64917.1,60878.9
2021-09-24,65407.68,66595.61,63881.35,64766.53,60878.9
2021-09-25,65407.68,66595.61,63881.35,64766.53,60878.9
2021-09-26,65407.68,66595.61,63881.35,64766.53,60878.9
2021-09-27,65433.59,66917.43,64922.94,66178.08,60878.9
2021-09-28,66691.16,67329.09,65424.41,66127.21,60878.9
2021-09-29,65678.37,68734.0,65282.21,67943.26,60878.9
2021-09-30,65678.37,68734.0,65282.21,67943.26,60878.9
2021-10-01,68561.37,69875.91,67550.5,69003.12,60878.9
2021-10-02,68561.37,69875.91,67550.5,69003.12,60878.9
2021-10-03,68561.37,69875.91,67550.5,69003.12,60878.9
2021-10-04,69658.09,71257.03,69072.41,70626.35,60878.9
2021-10-05,70738.72,73472.26,70238.04,72054.91,60878.9
2021-10-06,72746.59,73969.04,70665.04,71743.53,60878.9
2021-10-07,72779.71,75960.01,71879.07,74550.58,60878.9
2021-10-08,75752.96,76703.55,74243.93,74980.59,60878.9
2021-10-09,75752.96,76703.55,74243.93,74980.59,60878.9
2021-10-10,75752.96,76703.55,74243.93,74980.59,60878.9
2021-10-11,75726.77,79641.53,75240.65,78640.32,60878.9
2021-10-12,79538.41,80845.63,77826.56,79438.15,60878.9
2021-10-13,82811.8,92666.31,82537.41,90224.05,60878.9
2021-10-14,93654.96,93862.61,88412.4,89104.02,60878.9
2021-10-15,93654.96,93862.61,88412.4,89104.02,60878.9
2021-10-16,93654.96,93862.61,88412.4,89104.02,60878.9
2021-10-17,93654.96,93862.61,88412.4,89104.02,60878.9
2021-10-18,91185.85,96941.16,89598.75,93824.41,60878.9
2021-10-19,95782.32,96250.2,86875.06,88784.39,60878.9
2021-10-20,88301.24,90460.76,84837.24,87745.17,60878.9
2021-10-21,88876.51,90081.01,85590.53,88059.9,60878.9
2021-10-22,88650.14,89585.92,84974.34,86108.38,60878.9
2021-10-23,88650.14,89585.92,84974.34,86108.38,60878.9
2021-10-24,88650.14,89585.92,84974.34,86108.38,60878.9
2021-10-25,86916.11,87077.21,82430.74,84102.49,60878.9
2021-10-26,84402.78,88699.31,84118.17,87595.71,60878.9
2021-10-27,88306.19,88786.77,86087.68,86450.22,60878.9
2021-10-28,85685.89,85781.29,82043.37,82541.86,60878.9
2021-10-29,81746.94,84117.08,79516.99,82638.59,60878.9
2021-10-30,81746.94,84117.08,79516.99,82638.59,60878.9
2021-10-31,81746.94,84117.08,79516.99,82638.59,60878.9
2021-11-01,83633.9,84812.19,81841.94,83997.1,60878.9
2021-11-02,85750.28,87030.72,84251.87,84592.14,60878.9
2021-11-03,84744.15,85506.94,83421.71,84096.02,60878.9
2021-11-04,85168.86,85492.47,84674.64,84948.56,60878.9
2021-11-05,85168.86,85492.47,84674.64,84948.56,60878.9
2021-11-06,85168.86,85492.47,84674.64,84948.56,60878.9
2021-11-07,85168.86,85492.47,84674.64,84948.56,60878.9
2021-11-08,85640.68,87118.61,84547.83,86694.26,60878.9
2021-11-09,87171.88,89902.13,86745.47,88387.28,60878.9
2021-11-10,86273.73,86830.69,84931.95,85751.61,59061.4
2021-11-11,85890.44,86960.05,84568.03,85366.94,59061.4
2021-11-12,86112.18,86628.58,84728.72,85909.42,59061.4
2021-11-13,86112.18,86628.58,84728.72,85909.42,59061.4
2021-11-14,86112.18,86628.58,84728.72,85909.42,59061.4
2021-11-15,86411.06,87142.3,85631.12,86004.36,59061.4
2021-11-16,86427.42,88263.44,85635.64,86791.87,59061.4
2021-11-17,87218.83,88955.18,86443.31,88035.05,59061.4
2021-11-18,88317.82,88788.84,83837.55,85063.03,59061.4
2021-11-19,88317.82,88788.84,83837.55,85063.03,59061.4
2021-11-20,88317.82,88788.84,83837.55,85063.03,59061.4
2021-11-21,88317.82,88788.84,83837.55,85063.03,59061.4
2021-11-22,85447.8,85649.35,80507.91,81644.42,59061.4
2021-11-23,81193.01,84123.91,80212.04,83670.04,59061.4
2021-11-24,84505.15,85535.1,82788.71,83325.79,59061.4
2021-11-25,83686.46,84511.66,82351.94,83917.94,59061.4
2021-11-26,82628.7,83293.92,78378.81,78896.2,59061.4
2021-11-27,82628.7,83293.92,78378.81,78896.2,59061.4
2021-11-28,82628.7,83293.92,78378.81,78896.2,59061.4
2021-11-29,77873.13,80263.12,75637.12,78224.87,59061.4
2021-11-30,77873.13,80263.12,75637.12,78224.87,59061.4
2021-12-01,79276.48,80851.49,78082.84,80222.62,59061.4
2021-12-02,81305.54,81882.92,79496.95,81105.22,59061.4
2021-12-03,81255.01,82539.47,80865.2,81472.6,59061.4
2021-12-04,81255.01,82539.47,80865.2,81472.6,59061.4
2021-12-05,81255.01,82539.47,80865.2,81472.6,59061.4
2021-12-06,81664.07,82012.45,79567.42,79844.73,59061.4
2021-12-07,80747.51,82160.52,80288.37,81723.78,59061.4
2021-12-08,82242.94,83482.64,81961.61,83063.75,59061.4
2021-12-09,83601.89,84075.48,82436.07,83153.05,59061.4
2021-12-10,82813.86,84013.43,82338.2,83357.86,59061.4
2021-12-11,82813.86,84013.43,82338.2,83357.86,59061.4
2021-12-12,82813.86,84013.43,82338.2,83357.86,59061.4
2021-12-13,84175.61,85306.16,83164.91,83417.44,59061.4
2021-12-14,83234.54,83356.18,81917.71,82875.27,59061.4
2021-12-15,82701.29,83936.8,82015.46,82450.76,59061.4
2021-12-16,83165.14,83319.87,80947.0,81735.07,59061.4
2021-12-17,81661.13,81764.25,78639.34,79153.43,59061.4
2021-12-18,81661.13,81764.25,78639.34,79153.43,59061.4
2021-12-19,81661.13,81764.25,78639.34,79153.43,59061.4
2021-12-20,77354.37,77966.19,74195.03,75706.95,59061.4
2021-12-21,76507.0,77921.36,75925.35,76774.16,59061.4
2021-12-22,77587.85,79358.11,77252.37,79117.66,59061.4
2021-12-23,79869.59,80334.71,79078.99,79457.97,59061.4
2021-12-24,79882.48,79914.28,77769.0,78644.58,59061.4
2021-12-25,79882.48,79914.28,77769.0,78644.58,59061.4
2021-12-26,79882.48,79914.28,77769.0,78644.58,59061.4
2021-12-27,78449.29,79326.21,77526.78,79115.28,59061.4
2021-12-28,79691.86,81091.71,79426.38,80754.16,59061.4
2021-12-29,80807.09,81226.09,79776.5,80125.75,59061.4
2021-12-30,80051.22,80566.9,78993.08,79311.92,59061.4
2021-12-31,80051.22,80566.9,78993.08,79311.92,59061.4
2022-01-01,80051.22,80566.9,78993.08,79311.92,59061.4
2022-01-02,80051.22,80566.9,78993.08,79311.92,59061.4
2022-01-03,81458.34,82674.87,80851.24,82326.24,59061.4
2022-01-04,82510.89,83184.86,80934.37,82078.54,59061.4
2022-01-05,81878.84,82718.21,81180.72,82122.94,59061.4
2022-01-06,81102.64,83014.57,80583.55,82378.31,59061.4
2022-01-07,82701.0,83997.56,81932.81,83128.96,59061.4
2022-01-08,82701.0,83997.56,81932.81,83128.96,59061.4
2022-01-09,82701.0,83997.56,81932.81,83128.96,59061.4
2022-01-10,83684.29,84806.16,83143.36,84315.93,59061.4
2022-01-11,84463.6,85935.26,83717.12,84799.66,59061.4
2022-01-12,85532.37,86895.97,85030.08,86069.03,59061.4
2022-01-13,86241.33,88123.07,85020.96,87635.78,59061.4
2022-01-14,87368.12,89137.3,86711.14,87883.8,59061.4
2022-01-15,87368.12,89137.3,86711.14,87883.8,59061.4
2022-01-16,87368.12,89137.3,86711.14,87883.8,59061.4
2022-01-17,88428.38,89694.9,87459.51,89164.48,59061.4
2022-01-18,89645.66,90068.59,86308.48,86816.91,59061.4
2022-01-19,86551.73,88973.71,85663.45,88382.59,59061.4
2022-01-20,88526.36,89086.32,87073.56,87824.46,59061.4
2022-01-21,86935.86,87876.11,84260.65,85236.25,59061.4
2022-01-22,86935.86,87876.11,84260.65,85236.25,59061.4
2022-01-23,86935.86,87876.11,84260.65,85236.25,59061.4
2022-01-24,85042.38,85557.09,80425.57,81353.55,59061.4
2022-01-25,80479.97,83802.7,79392.05,83347.37,59061.4
2022-01-26,80479.97,83802.7,79392.05,83347.37,59061.4
2022-01-27,82390.98,84433.22,81123.66,83596.17,59061.4
2022-01-28,84520.29,86579.65,83874.79,84610.88,59061.4
2022-01-29,84520.29,86579.65,83874.79,84610.88,59061.4
2022-01-30,84520.29,86579.65,83874.79,84610.88,59061.4
2022-01-31,84520.29,86579.65,83874.79,84610.88,59061.4
2022-02-01,86007.99,87589.69,84035.09,85842.49,59061.4
2022-02-02,86488.93,87654.71,85836.5,86500.27,59061.4
2022-02-03,86779.96,87732.37,85919.88,86546.63,59061.4
2022-02-04,86609.75,87510.01,85863.87,86315.88,59061.4
2022-02-05,86609.75,87510.01,85863.87,86315.88,59061.4
2022-02-06,86609.75,87510.01,85863.87,86315.88,59061.4
2022-02-07,87089.65,87301.66,85055.34,85533.81,59061.4
2022-02-08,85890.91,86291.39,81767.52,83149.37,59061.4
2022-02-09,83863.7,85340.1,83157.68,84829.41,59061.4
2022-02-10,85379.12,86283.83,84307.66,85407.88,59061.4
2022-02-11,85158.28,85746.27,82449.86,82907.01,59061.4
2022-02-12,85158.28,85746.27,82449.86,82907.01,59061.4
2022-02-13,85158.28,85746.27,82449.86,82907.01,59061.4
2022-02-14,84788.49,85410.68,82186.66,82668.26,59061.4
2022-02-15,79978.89,83338.7,78399.5,82995.32,59061.4
2022-02-16,83544.94,84355.94,82246.82,82793.64,59061.4
2022-02-17,83448.46,84152.64,82037.88,82393.99,59061.4
2022-02-18,81993.76,83092.8,81245.2,81705.39,59061.4
2022-02-19,81993.76,83092.8,81245.2,81705.39,59061.4
2022-02-20,81993.76,83092.8,81245.2,81705.39,59061.4
2022-02-21,81470.78,82440.2,80431.04,81369.02,59061.4
2022-02-22,78027.8,80734.14,77449.65,79751.64,59061.4
2022-02-23,80492.37,81058.36,79218.34,79491.62,59061.4
2022-02-24,76382.84,77556.56,71410.63,72678.95,59061.4
2022-02-25,74235.63,78025.72,74060.16,77263.42,59061.4
2022-02-26,74235.63,78025.72,74060.16,77263.42,59061.4
2022-02-27,74235.63,78025.72,74060.16,77263.42,59061.4
2022-02-28,74235.63,78025.72,74060.16,77263.42,59061.4
2022-03-01,74235.63,78025.72,74060.16,77263.42,59061.4
2022-03-02,77305.88,78713.27,76144.56,77671.2,59061.4
2022-03-03,78953.07,80060.4,76982.4,77761.43,59061.4
2022-03-04,77082.02,77526.95,75018.6,75507.12,59061.4
2022-03-05,77082.02,77526.95,75018.6,75507.12,59061.4
2022-03-06,77082.02,77526.95,75018.6,75507.12,59061.4
2022-03-07,73215.89,74232.51,71666.92,73024.44,59061.4
2022-03-08,72959.25,74932.17,71368.96,74469.78,59061.4
2022-03-09,75248.68,76643.23,74162.76,75970.91,59061.4
2022-03-10,78765.7,79438.25,76751.79,77687.45,59061.4
2022-03-11,77523.2,78731.3,76622.18,78319.35,59061.4
2022-03-12,77523.2,78731.3,76622.18,78319.35,59061.4
2022-03-13,77523.2,78731.3,76622.18,78319.35,59061.4
2022-03-14,78464.53,78772.35,76761.82,77795.55,59061.4
2022-03-15,77914.39,79045.37,76404.21,77168.7,59061.4
2022-03-16,78317.82,79427.65,77854.95,78824.34,59061.4
2022-03-17,79879.65,80458.43,79207.09,79783.71,59061.4
2022-03-18,79879.65,80458.43,79207.09,79783.71,59061.4
2022-03-19,79879.65,80458.43,79207.09,79783.71,59061.4
2022-03-20,79879.65,80458.43,79207.09,79783.71,59061.4
2022-03-21,80183.9,80525.15,78683.36,78896.35,59061.4
2022-03-22,78952.51,80721.1,77860.51,80452.74,59061.4
2022-03-23,80906.3,82148.43,79978.18,80684.62,59061.4
2022-03-24,80415.19,81602.78,79634.99,81072.86,59061.4
2022-03-25,81381.21,82180.97,80399.02,81092.33,59061.4
2022-03-26,81381.21,82180.97,80399.02,81092.33,59061.4
2022-03-27,81381.21,82180.97,80399.02,81092.33,59061.4
2022-03-28,81402.25,81757.93,79703.28,80531.52,59061.4
2022-03-29,81247.07,82202.49,80312.21,81159.24,59061.4
2022-03-30,81927.58,82637.25,80938.57,81563.5,59061.4
2022-03-31,81927.58,82637.25,80938.57,81563.5,59061.4
2022-04-01,80720.15,82917.36,80510.19,82591.04,59061.4
2022-04-02,80720.15,82917.36,80510.19,82591.04,59061.4
2022-04-03,80720.15,82917.36,80510.19,82591.04,59061.4
2022-04-04,83054.91,84544.37,82533.07,84054.6,59061.4
2022-04-05,84478.29,87825.82,84105.66,87135.43,59061.4
2022-04-06,87260.2,90199.98,86473.43,88770.51,59061.4
2022-04-07,89168.67,90084.59,86201.78,86596.36,59061.4
2022-04-08,87129.8,88183.01,86101.72,87268.07,59061.4
2022-04-09,87129.8,88183.01,86101.72,87268.07,59061.4
2022-04-10,87129.8,88183.01,86101.72,87268.07,59061.4
2022-04-11,87894.59,89299.88,87278.12,87910.34,59061.4
2022-04-12,88034.91,88099.55,84534.92,85536.22,59061.4
2022-04-13,86219.98,86750.16,84642.16,84897.58,59061.4
2022-04-14,86219.98,86750.16,84642.16,84897.58,59061.4
2022-04-15,86219.98,86750.16,84642.16,84897.58,59061.4
2022-04-16,86219.98,86750.16,84642.16,84897.58,59061.4
2022-04-17,86219.98,86750.16,84642.16,84897.58,59061.4
2022-04-18,84039.44,85017.88,81481.85,83329.18,59061.4
2022-04-19,84076.54,84893.99,79997.83,81371.85,59061.4
2022-04-20,82247.6,83902.52,81325.31,82936.09,59061.4
2022-04-21,83679.33,85101.31,83093.82,84766.71,59061.4
2022-04-22,84423.6,84875.63,83073.94,83322.77,59061.4
2022-04-23,84423.6,84875.63,83073.94,83322.77,59061.4
2022-04-24,84423.6,84875.63,83073.94,83322.77,59061.4
2022-04-25,82191.18,82794.89,80167.52,80721.75,59061.4
2022-04-26,82012.24,82628.51,81347.88,82065.1,59061.4
2022-04-27,81383.02,82778.03,80596.37,81526.77,59061.4
2022-04-28,82404.93,82781.54,81016.55,82066.84,59061.4
2022-04-29,82857.68,83615.96,80543.62,80952.35,59061.4
2022-04-30,82857.68,83615.96,80543.62,80952.35,59061.4
2022-05-01,82857.68,83615.96,80543.62,80952.35,59061.4
2022-05-02,82473.53,83396.22,80372.2,80906.1,59061.4
2022-05-03,82473.53,83396.22,80372.2,80906.1,59061.4
2022-05-04,83642.53,84578.12,81096.33,81736.96,59061.4
2022-05-05,82734.36,83890.4,81741.45,82392.09,59061.4
2022-05-06,81180.91,81763.59,79584.82,80431.29,59061.4
2022-05-07,81180.91,81763.59,79584.82,80431.29,59061.4
2022-05-08,81180.91,81763.59,79584.82,80431.29,59061.4
2022-05-09,78997.85,79405.29,76372.64,77906.24,59061.4
2022-05-10,77351.5,78944.63,74896.86,75400.74,59061.4
2022-05-11,105383.04,107323.17,102456.04,105467.31,88845.4
2022-05-12,104710.79,104968.16,100188.23,101405.86,88845.4
2022-05-13,107699.21,111821.06,106258.6,108506.03,102405.4
2022-05-14,107699.21,111821.06,106258.6,108506.03,102405.4
2022-05-15,107699.21,111821.06,106258.6,108506.03,102405.4
2022-05-16,109772.23,110566.3,107003.02,109341.98,102405.4
2022-05-17,119372.81,125063.07,118465.59,123992.3,102405.4
2022-05-18,124746.47,125463.37,121756.1,122484.67,102405.4
2022-05-19,118696.67,120390.13,117178.96,117985.36,102405.4
2022-05-20,120384.71,122837.02,119488.9,121426.22,102405.4
2022-05-21,120384.71,122837.02,119488.9,121426.22,102405.4
2022-05-22,120384.71,122837.02,119488.9,121426.22,102405.4
2022-05-23,122272.63,123938.68,120018.66,120769.76,102405.4
2022-05-24,121037.17,122247.61,119131.23,120719.78,102405.4
2022-05-25,121609.52,122138.45,117176.3,117857.48,102405.4
2022-05-26,118607.15,119386.95,113702.07,118343.97,102405.4
2022-05-27,119737.28,121413.78,118713.38,119980.52,102405.4
2022-05-28,119737.28,121413.78,118713.38,119980.52,102405.4
2022-05-29,119737.28,121413.78,118713.38,119980.52,102405.4
2022-05-30,121579.81,124103.94,119694.66,123444.42,102405.4
2022-05-31,121579.81,124103.94,119694.66,123444.42,102405.4
2022-06-01,123248.39,124271.68,121866.37,123075.43,102405.4
2022-06-02,123245.69,124156.37,121734.31,122849.04,102405.4
2022-06-03,124042.63,124205.07,120788.65,121117.87,102405.4
2022-06-04,124042.63,124205.07,120788.65,121117.87,102405.4
2022-06-05,124042.63,124205.07,120788.65,121117.87,102405.4
2022-06-06,120917.4,122018.38,118912.41,121063.44,102405.4
2022-06-07,120720.8,122138.32,119442.65,121327.69,102405.4
2022-06-08,121324.28,122420.81,119782.97,120703.95,102405.4
2022-06-09,120155.37,121418.38,118923.58,120115.13,102405.4
2022-06-10,119139.88,120132.67,118216.49,119425.97,102405.4
2022-06-11,119139.88,120132.67,118216.49,119425.97,102405.4
2022-06-12,119139.88,120132.67,118216.49,119425.97,102405.4
2022-06-13,116750.7,117367.05,113469.37,113881.32,102405.4
2022-06-14,112718.74,115924.44,111906.45,113973.88,102405.4
2022-06-15,115133.26,116626.24,113735.0,114680.21,102405.4
2022-06-16,116303.67,116847.03,109656.27,110234.51,102405.4
2022-06-17,109438.54,111110.28,107763.18,109209.19,102405.4
2022-06-18,109438.54,111110.28,107763.18,109209.19,102405.4
2022-06-19,109438.54,111110.28,107763.18,109209.19,102405.4
2022-06-20,109667.69,110492.19,103178.7,105046.29,102405.4
2022-06-21,106656.04,109895.53,105060.89,108993.85,102405.4
2022-06-22,109077.39,109450.74,106544.55,107490.03,102405.4
2022-06-23,107965.84,110272.86,106827.7,109211.22,102405.4
2022-06-24,110056.57,111362.02,109226.52,110565.44,102405.4
2022-06-25,110056.57,111362.02,109226.52,110565.44,102405.4
2022-06-26,110056.57,111362.02,109226.52,110565.44,102405.4
2022-06-27,112543.62,113207.32,110879.25,111389.84,102405.4
2022-06-28,110868.52,112120.69,109909.81,111803.16,102405.4
2022-06-29,110449.73,112723.51,110335.4,111556.44,102405.4
2022-06-30,110449.73,112723.51,110335.4,111556.44,102405.4
2022-07-01,110031.15,111347.26,107848.47,110825.26,102405.4
2022-07-02,110031.15,111347.26,107848.47,110825.26,102405.4
2022-07-03,110031.15,111347.26,107848.47,110825.26,102405.4
2022-07-04,110936.74,112499.78,109821.29,111506.8,102405.4
2022-07-05,113050.76,114185.66,111681.05,112143.92,102405.4
2022-07-06,113114.55,113859.29,111570.83,113197.36,102405.4
2022-07-07,114056.96,115867.05,112805.14,114922.06,102405.4
2022-07-08,116098.28,117950.44,114832.35,117302.09,102405.4
2022-07-09,116098.28,117950.44,114832.35,117302.09,102405.4
2022-07-10,116098.28,117950.44,114832.35,117302.09,102405.4
2022-07-11,116920.62,117957.57,115721.11,117046.77,102405.4
2022-07-12,116595.82,117564.04,115343.06,116150.98,102405.4
2022-07-13,116914.93,117563.8,115425.94,115955.25,102405.4
2022-07-14,116489.0,117089.16,114957.52,115998.18,102405.4
2022-07-15,116354.22,118796.67,116009.61,118129.77,102405.4
2022-07-16,116354.22,118796.67,116009.61,118129.77,102405.4
2022-07-17,116354.22,118796.67,116009.61,118129.77,102405.4
2022-07-18,118891.31,120684.93,118279.28,119867.77,102405.4
2022-07-19,119269.43,120495.38,118666.37,119670.23,102405.4
2022-07-20,120747.95,121737.63,119641.69,119988.76,102405.4
2022-07-21,120116.36,121312.04,119370.24,120875.04,102405.4
2022-07-22,121211.46,122417.96,120344.71,120833.03,102405.4
2022-07-23,121211.46,122417.96,120344.71,120833.03,102405.4
2022-07-24,121211.46,122417.96,120344.71,120833.03,102405.4
2022-07-25,121237.94,122139.61,119513.9,120880.77,102405.4
2022-07-26,120965.27,121118.5,117945.48,118361.26,102405.4
2022-07-27,117640.61,118726.3,115718.68,117508.3,102405.4
2022-07-28,117442.88,119095.82,115561.73,117624.79,102405.4
2022-07-29,118469.29,120230.41,118074.76,119629.98,102405.4
2022-07-30,118469.29,120230.41,118074.76,119629.98,102405.4
2022-07-31,118469.29,120230.41,118074.76,119629.98,102405.4
2022-08-01,119906.51,125238.26,119622.92,124788.74,102405.4
2022-08-02,124938.95,125705.03,122958.22,124861.17,102405.4
2022-08-03,124662.16,125802.78,122306.1,123699.39,102405.4
2022-08-04,124533.74,126076.04,121217.07,123279.59,102405.4
2022-08-05,123566.68,125114.02,122533.35,123772.51,102405.4
2022-08-06,123566.68,125114.02,122533.35,123772.51,102405.4
2022-08-07,123566.68,125114.02,122533.35,123772.51,102405.4
2022-08-08,123538.84,124747.48,122382.71,123303.7,102405.4
2022-08-09,123538.84,124747.48,122382.71,123303.7,102405.4
2022-08-10,80519.5,81494.0,79675.5,81062.0,48224.4
2022-08-11,81914.5,82358.5,81042.0,81314.0,48224.4
2022-08-12,81211.5,82641.5,80536.0,81834.5,48224.4
2022-08-13,81211.5,82641.5,80536.0,81834.5,48224.4
2022-08-14,81211.5,82641.5,80536.0,81834.5,48224.4
2022-08-15,81211.5,82641.5,80536.0,81834.5,48224.4
2022-08-16,81933.5,83953.5,81735.0,83580.0,48224.4
2022-08-17,84023.5,84901.5,83100.5,83330.5,48224.4
2022-08-18,83085.0,83848.5,82546.0,83385.0,48224.4
2022-08-19,83656.5,84291.5,80809.5,81213.5,48224.4
2022-08-20,83656.5,84291.5,80809.5,81213.5,48224.4
2022-08-21,83656.5,84291.5,80809.5,81213.5,48224.4
2022-08-22,81039.5,81069.5,77999.0,78331.5,48224.4
2022-08-23,77645.0,80253.5,77272.5,79978.5,48224.4
2022-08-24,79778.0,80642.5,79152.0,79974.5,48224.4
2022-08-25,80282.0,81105.5,79280.5,79528.0,48224.4
2022-08-26,80078.0,81704.5,80078.0,80973.0,48224.4
2022-08-27,80078.0,81704.5,80078.0,80973.0,48224.4
2022-08-28,80078.0,81704.5,80078.0,80973.0,48224.4
2022-08-29,77996.0,79991.0,77996.0,79479.5,48224.4
2022-08-30,80140.0,82072.0,80085.0,81854.5,48224.4
2022-08-31,80140.0,82072.0,80085.0,81854.5,48224.4
2022-09-01,80996.5,82674.0,80628.0,81462.5,48224.4
2022-09-02,82046.5,82325.0,80269.0,80695.0,48224.4
2022-09-03,82046.5,82325.0,80269.0,80695.0,48224.4
2022-09-04,82046.5,82325.0,80269.0,80695.0,48224.4
2022-09-05,80610.0,81365.5,80218.0,80588.0,48224.4
2022-09-06,81049.5,82777.0,80488.5,82089.0,48224.4
2022-09-07,81659.5,82500.0,80352.5,80842.0,48224.4
2022-09-08,81624.5,81993.5,79742.5,80186.0,48224.4
2022-09-09,80744.0,81204.0,79462.0,80176.5,48224.4
2022-09-10,80744.0,81204.0,79462.0,80176.5,48224.4
2022-09-11,80744.0,81204.0,79462.0,80176.5,48224.4
2022-09-12,80411.0,81274.0,80165.5,80732.0,48224.4
2022-09-13,81068.5,81831.0,80599.5,81064.5,48224.4
2022-09-14,79424.5,81294.5,79396.0,80461.0,48224.4
2022-09-15,80726.0,81798.5,79764.5,80705.5,48224.4
2022-09-16,80956.0,81059.5,77089.5,77988.5,48224.4
2022-09-17,80956.0,81059.5,77089.5,77988.5,48224.4
2022-09-18,80956.0,81059.5,77089.5,77988.5,48224.4
2022-09-19,77835.0,78132.0,76439.0,76645.5,48224.4
2022-09-20,77513.5,79180.0,77395.0,77944.5,48224.4
2022-09-21,77912.0,78328.0,76351.0,76708.5,48224.4
2022-09-22,76282.5,77740.0,75465.0,77231.5,48224.4
2022-09-23,77151.5,77320.0,74882.5,75270.0,48224.4
2022-09-24,77151.5,77320.0,74882.5,75270.0,48224.4
2022-09-25,77151.5,77320.0,74882.5,75270.0,48224.4
2022-09-26,74273.5,74563.5,70506.0,71407.0,48224.4
2022-09-27,72161.0,72701.5,70521.0,71802.5,48224.4
2022-09-28,71114.0,72469.0,70534.5,71294.0,48224.4
2022-09-29,72611.0,73329.5,70844.0,71380.0,48224.4
2022-09-30,72611.0,73329.5,70844.0,71380.0,48224.4
2022-10-01,72611.0,73329.5,70844.0,71380.0,48224.4
2022-10-02,72611.0,73329.5,70844.0,71380.0,48224.4
2022-10-03,72366.5,72676.0,70661.5,71066.5,48224.4
2022-10-04,72376.5,73181.0,72030.0,72941.0,48224.4
2022-10-05,72376.5,73181.0,72030.0,72941.0,48224.4
2022-10-06,73385.5,74518.5,73274.5,73941.0,48224.4
2022-10-07,73882.5,74118.0,72992.5,73888.0,48224.4
2022-10-08,73882.5,74118.0,72992.5,73888.0,48224.4
2022-10-09,73882.5,74118.0,72992.5,73888.0,48224.4
2022-10-10,72540.0,72808.5,71182.0,71940.0,48224.4
2022-10-11,72040.0,72576.0,70945.5,71210.5,48224.4
2022-10-12,71475.5,72023.0,70691.0,71647.0,48224.4
2022-10-13,71597.0,72481.5,70789.5,71617.0,48224.4
2022-10-14,72736.5,73282.0,71186.5,71314.0,48224.4
2022-10-15,72736.5,73282.0,71186.5,71314.0,48224.4
2022-10-16,72736.5,73282.0,71186.5,71314.0,48224.4
2022-10-17,70481.5,71956.0,70313.5,71599.5,48224.4
2022-10-18,72267.0,73233.5,72133.5,72828.5,48224.4
2022-10-19,73024.5,73255.0,71687.5,71975.0,48224.4
2022-10-20,71503.0,72484.0,71036.0,72194.0,48224.4
2022-10-21,72158.5,72849.0,71407.0,71887.0,48224.4
2022-10-22,72158.5,72849.0,71407.0,71887.0,48224.4
2022-10-23,72158.5,72849.0,71407.0,71887.0,48224.4
2022-10-24,72686.0,72928.5,72082.5,72305.0,48224.4
2022-10-25,72503.0,73760.0,72277.0,72858.5,48224.4
2022-10-26,72503.0,73760.0,72277.0,72858.5,48224.4
2022-10-27,73005.0,74475.0,72851.0,73931.0,48224.4
2022-10-28,74138.0,74511.0,73274.5,74018.0,48224.4
2022-10-29,74138.0,74511.0,73274.5,74018.0,48224.4
2022-10-30,74138.0,74511.0,73274.5,74018.0,48224.4
2022-10-31,74138.0,74511.0,73274.5,74018.0,48224.4
2022-11-01,74584.5,76209.0,74470.5,76004.0,48224.4
2022-11-02,75855.5,76543.0,75447.5,75826.0,48224.4
2022-11-03,75296.0,76002.0,74586.0,75000.5,48224.4
2022-11-04,75096.5,76259.0,74912.0,76038.0,48224.4
2022-11-05,75096.5,76259.0,74912.0,76038.0,48224.4
2022-11-06,75096.5,76259.0,74912.0,76038.0,48224.4
2022-11-07,76197.0,77551.5,76042.5,77128.0,48224.4
2022-11-08,76197.0,77551.5,76042.5,77128.0,48224.4
2022-11-09,77357.0,78527.0,76787.5,77264.5,48224.4
2022-11-10,75729.5,76270.5,74473.0,74864.5,48224.4
2022-11-11,75823.0,76628.0,75143.5,76081.0,48224.4
2022-11-12,75823.0,76628.0,75143.5,76081.0,48224.4
2022-11-13,75823.0,76628.0,75143.5,76081.0,48224.4
2022-11-14,76008.5,77574.0,75624.5,76777.0,48224.4
2022-11-15,76974.5,77625.5,76885.5,77385.5,48224.4
2022-11-16,77351.0,77572.0,75570.5,76099.0,48224.4
2022-11-17,75005.0,75764.5,74404.5,74846.5,48224.4
2022-11-18,75038.5,75337.5,74210.5,74698.0,48224.4
2022-11-19,75038.5,75337.5,74210.5,74698.0,48224.4
2022-11-20,75038.5,75337.5,74210.5,74698.0,48224.4
2022-11-21,74919.5,75371.5,74049.5,74583.5,48224.4
2022-11-22,74612.5,75191.5,74258.0,74815.5,48224.4
2022-11-23,75114.0,75545.5,74651.5,74809.0,48224.4
2022-11-24,74791.5,75049.0,74284.0,74729.0,48224.4
2022-11-25,74805.5,76519.5,74745.5,76217.0,48224.4
2022-11-26,74805.5,76519.5,74745.5,76217.0,48224.4
2022-11-27,74805.5,76519.5,74745.5,76217.0,48224.4
2022-11-28,76269.5,77213.5,75992.0,76285.5,48224.4
2022-11-29,76264.0,76866.0,75671.5,76078.5,48224.4
2022-11-30,76264.0,76866.0,75671.5,76078.5,48224.4
2022-12-01,77205.5,77662.5,76487.5,76822.5,48224.4
2022-12-02,76883.5,77303.5,76333.5,76575.5,48224.4
2022-12-03,76883.5,77303.5,76333.5,76575.5,48224.4
2022-12-04,76883.5,77303.5,76333.5,76575.5,48224.4
2022-12-05,76446.5,76888.0,75416.5,75765.0,48224.4
2022-12-06,75673.5,76925.5,75348.5,76298.0,48224.4
2022-12-07,76162.0,76416.5,74990.5,75168.0,48224.4
2022-12-08,75184.5,75481.5,74541.5,74748.0,48224.4
2022-12-09,75080.5,75323.0,72890.5,73544.0,48224.4
2022-12-10,75080.5,75323.0,72890.5,73544.0,48224.4
2022-12-11,75080.5,75323.0,72890.5,73544.0,48224.4
2022-12-12,73385.0,73931.0,72436.0,73381.0,48224.4
2022-12-13,74015.5,74452.5,73699.0,73959.0,48224.4
2022-12-14,74211.5,74896.5,73958.5,74482.5,48224.4
2022-12-15,74534.0,75250.0,74006.5,74235.0,48224.4
2022-12-16,73893.0,75411.5,73031.5,74018.5,48224.4
2022-12-17,73893.0,75411.5,73031.5,74018.5,48224.4
2022-12-18,73893.0,75411.5,73031.5,74018.5,48224.4
2022-12-19,74192.5,74283.5,73102.5,73604.5,48224.4
2022-12-20,73461.0,73841.5,72302.5,73025.5,48224.4
2022-12-21,73209.5,73640.5,71296.0,71662.0,48224.4
2022-12-22,71855.5,72083.0,69342.5,70087.5,48224.4
2022-12-23,69115.5,69512.0,66423.0,66739.0,48224.4
2022-12-24,69115.5,69512.0,66423.0,66739.0,48224.4
2022-12-25,69115.5,69512.0,66423.0,66739.0,48224.4
2022-12-26,66473.5,69102.0,66084.5,68315.5,48224.4
2022-12-27,69625.0,70290.5,68889.0,69896.5,48224.4
2022-12-28,69808.0,70461.0,69420.0,69691.0,48224.4
2022-12-29,69583.0,69655.5,68389.5,68803.5,48224.4
2022-12-30,69598.5,70026.5,69095.5,69295.5,48224.4
2022-12-31,69598.5,70026.5,69095.5,69295.5,48224.4
2023-01-01,69598.5,70026.5,69095.5,69295.5,48224.4
2023-01-02,69832.0,70746.5,69626.0,70561.5,48224.4
2023-01-03,70697.5,71091.5,70123.0,70408.0,48224.4
2023-01-04,70485.5,70485.5,68714.5,69122.5,48224.4
2023-01-05,69637.5,69667.5,68383.0,69180.5,48224.4
2023-01-06,69101.5,69471.5,68057.0,68365.5,48224.4
2023-01-07,69101.5,69471.5,68057.0,68365.5,48224.4
2023-01-08,69101.5,69471.5,68057.0,68365.5,48224.4
2023-01-09,68858.5,69659.0,68603.5,69196.5,48224.4
2023-01-10,70276.5,72252.5,69966.0,71540.0,48224.4
2023-01-11,71831.5,72410.5,71448.0,71999.5,48224.4
2023-01-12,72158.5,72386.0,70911.5,71387.5,48224.4
2023-01-13,71380.0,71969.0,70763.5,71447.0,48224.4
2023-01-14,71380.0,71969.0,70763.5,71447.0,48224.4
2023-01-15,71380.0,71969.0,70763.5,71447.0,48224.4
2023-01-16,71634.5,72007.0,71025.5,71674.5,48224.4
2023-01-17,71404.5,72527.5,71331.0,71980.0,48224.4
2023-01-18,71912.5,72166.0,71137.5,71270.0,48224.4
2023-01-19,71061.0,71200.0,70079.5,70191.0,48224.4
2023-01-20,70484.0,71836.5,70216.0,70705.5,48224.4
2023-01-21,70484.0,71836.5,70216.0,70705.5,48224.4
2023-01-22,70484.0,71836.5,70216.0,70705.5,48224.4
2023-01-23,71103.5,71616.5,70833.5,71215.0,48224.4
2023-01-24,71279.0,72911.0,71057.0,72386.5,48224.4
2023-01-25,72504.0,72954.5,71247.5,71457.5,48224.4
2023-01-26,72504.0,72954.5,71247.5,71457.5,48224.4
2023-01-27,73625.5,75197.0,72423.0,74230.0,48224.4
2023-01-28,73625.5,75197.0,72423.0,74230.0,48224.4
2023-01-29,73625.5,75197.0,72423.0,74230.0,48224.4
2023-01-30,74256.0,75169.5,73279.0,74319.0,48224.4
2023-01-31,74256.0,75169.5,73279.0,74319.0,48224.4
2023-02-01,77029.5,77718.0,72615.5,74841.5,48224.4
2023-02-02,74776.5,75522.0,74018.5,74708.5,48224.4
2023-02-03,74984.5,75612.5,73849.5,74641.5,48224.4
2023-02-04,74984.5,75612.5,73849.5,74641.5,48224.4
2023-02-05,74984.5,75612.5,73849.5,74641.5,48224.4
2023-02-06,75052.5,75914.0,74300.0,74761.0,48224.4
2023-02-07,74985.5,75109.5,73347.0,73753.5,48224.4
2023-02-08,73771.0,74525.0,73093.5,74367.5,48224.4
2023-02-09,74256.0,74500.0,73209.0,73802.5,48224.4
2023-02-10,73837.5,75003.0,72880.0,74581.5,48224.4
2023-02-11,73837.5,75003.0,72880.0,74581.5,48224.4
2023-02-12,73837.5,75003.0,72880.0,74581.5,48224.4
2023-02-13,74581.5,74925.0,73576.5,73964.0,48224.4
2023-02-14,73923.0,74399.0,73047.0,73809.0,48224.4
2023-02-15,73572.5,74635.0,73496.5,74497.5,48224.4
2023-02-16,74598.5,75031.5,74063.5,74216.0,48224.4
2023-02-17,73559.0,74442.0,73499.0,74001.0,48224.4
2023-02-18,73559.0,74442.0,73499.0,74001.0,48224.4
2023-02-19,73559.0,74442.0,73499.0,74001.0,48224.4
2023-02-20,74183.5,74616.5,73300.0,74160.5,48224.4
2023-02-21,74550.5,75342.5,73511.5,74140.5,48224.4
2023-02-22,74064.0,74064.0,72416.5,72590.0,48224.4
2023-02-23,72413.5,73492.0,72129.0,72831.0,48224.4
2023-02-24,73006.0,73438.5,72215.0,72426.0,48224.4
2023-02-25,73006.0,73438.5,72215.0,72426.0,48224.4
2023-02-26,73006.0,73438.5,72215.0,72426.0,48224.4
2023-02-27,72426.0,72480.0,70304.0,71089.0,48224.4
2023-02-28,72426.0,72480.0,70304.0,71089.0,48224.4
2023-03-01,71878.5,72915.0,71775.0,72570.0,48224.4
2023-03-02,72450.0,72855.5,71835.5,72207.5,48224.4
2023-03-03,72376.5,73736.5,72376.5,73261.5,48224.4
2023-03-04,72376.5,73736.5,72376.5,73261.5,48224.4
2023-03-05,72376.5,73736.5,72376.5,73261.5,48224.4
2023-03-06,73574.5,75359.5,73474.5,74826.5,48224.4
2023-03-07,73574.5,75359.5,73474.5,74826.5,48224.4
2023-03-08,74622.5,75200.0,74129.0,74926.0,48224.4
2023-03-09,74920.5,75407.0,73838.0,73968.0,48224.4
2023-03-10,73887.5,74469.0,73324.0,74195.0,48224.4
2023-03-11,73887.5,74469.0,73324.0,74195.0,48224.4
2023-03-12,73887.5,74469.0,73324.0,74195.0,48224.4
2023-03-13,73809.5,74370.0,71596.0,71995.0,48224.4
2023-03-14,72113.5,72499.5,70945.5,71506.5,48224.4
2023-03-15,72014.5,72607.0,70733.0,70902.0,48224.4
2023-03-16,71036.5,71864.0,69652.5,71390.0,48224.4
2023-03-17,71760.5,72580.0,71338.5,71962.5,48224.4
2023-03-18,71760.5,72580.0,71338.5,71962.5,48224.4
2023-03-19,71760.5,72580.0,71338.5,71962.5,48224.4
2023-03-20,71131.5,71667.5,69974.5,70799.5,48224.4
2023-03-21,71047.0,71261.0,70349.5,70905.0,48224.4
2023-03-22,71290.0,71703.0,70804.5,71083.5,48224.4
2023-03-23,70897.5,71899.0,70824.0,71253.0,48224.4
2023-03-24,71232.0,71561.5,69662.5,69890.0,48224.4
2023-03-25,71232.0,71561.5,69662.5,69890.0,48224.4
2023-03-26,71232.0,71561.5,69662.5,69890.0,48224.4
2023-03-27,69607.0,70280.0,68042.0,68550.0,48224.4
2023-03-28,68843.0,68946.5,66783.5,67134.5,48224.4
2023-03-29,67074.5,68541.0,66978.5,68126.5,48224.4
2023-03-30,67074.5,68541.0,66978.5,68126.5,48224.4
2023-03-31,67074.5,68541.0,66978.5,68126.5,48224.4
2023-04-01,67074.5,68541.0,66978.5,68126.5,48224.4
2023-04-02,67074.5,68541.0,66978.5,68126.5,48224.4
2023-04-03,70727.0,71223.0,70097.0,70854.5,48224.4
2023-04-04,70727.0,71223.0,70097.0,70854.5,48224.4
2023-04-05,70641.5,71455.0,70359.5,71158.5,48224.4
2023-04-06,71020.0,72625.0,70531.5,72355.0,48224.4
2023-04-07,71020.0,72625.0,70531.5,72355.0,48224.4
2023-04-08,71020.0,72625.0,70531.5,72355.0,48224.4
2023-04-09,71020.0,72625.0,70531.5,72355.0,48224.4
2023-04-10,73604.5,76264.5,73589.5,74778.5,48224.4
2023-04-11,75064.0,75387.0,74264.0,74810.0,48224.4
2023-04-12,74862.5,75948.5,74495.5,75388.5,48224.4
2023-04-13,75303.5,76072.0,74755.5,75689.5,48224.4
2023-04-14,75303.5,76072.0,74755.5,75689.5,48224.4
2023-04-15,75303.5,76072.0,74755.5,75689.5,48224.4
2023-04-16,75303.5,76072.0,74755.5,75689.5,48224.4
2023-04-17,75638.5,76224.5,75104.5,76034.5,48224.4
2023-04-18,76058.5,77365.0,75550.5,76176.0,48224.4
2023-04-19,76272.0,76535.0,75070.5,75223.0,48224.4
2023-04-20,75527.5,76781.0,75194.5,76433.0,48224.4
2023-04-21,76413.0,76551.5,75212.5,75760.0,48224.4
2023-04-22,76413.0,76551.5,75212.5,75760.0,48224.4
2023-04-23,76413.0,76551.5,75212.5,75760.0,48224.4
2023-04-24,75818.5,76388.0,75386.0,76178.0,48224.4
2023-04-25,75765.0,76741.0,75720.0,76269.5,48224.4
2023-04-26,76182.0,77091.5,75967.5,76824.0,48224.4
2023-04-27,76582.5,77489.0,76515.0,77210.5,48224.4
2023-04-28,77266.5,78298.0,76991.0,77971.5,48224.4
2023-04-29,77266.5,78298.0,76991.0,77971.5,48224.4
2023-04-30,77266.5,78298.0,76991.0,77971.5,48224.4
2023-05-01,77266.5,78298.0,76991.0,77971.5,48224.4
2023-05-02,77683.5,78127.0,76820.0,77559.5,48224.4
2023-05-03,77204.0,78430.5,77070.5,78240.5,48224.4
2023-05-04,78089.0,78625.5,77501.5,77920.0,48224.4
2023-05-05,78023.5,78576.0,76822.0,77027.0,48224.4
2023-05-06,78023.5,78576.0,76822.0,77027.0,48224.4
2023-05-07,78023.5,78576.0,76822.0,77027.0,48224.4
2023-05-08,77174.5,79943.5,77078.5,79689.5,48224.4
2023-05-09,79910.5,81289.5,79763.5,80133.5,48224.4
2023-05-10,80575.5,81213.5,80039.0,80823.0,48224.4
2023-05-11,81014.5,81755.0,80458.5,81360.0,48224.4
2023-05-12,81616.5,82444.5,81205.0,81876.5,48224.4
2023-05-13,81616.5,82444.5,81205.0,81876.5,48224.4
2023-05-14,81616.5,82444.5,81205.0,81876.5,48224.4
2023-05-15,82820.5,84360.5,82366.5,83522.5,48224.4
2023-05-16,83855.0,85067.0,82358.0,83048.5,48224.4
2023-05-17,83312.5,83501.0,81527.5,81956.5,48224.4
2023-05-18,83312.5,83501.0,81527.5,81956.5,48224.4
2023-05-19,80917.5,82851.0,80009.5,82596.0,48224.4
2023-05-20,80917.5,82851.0,80009.5,82596.0,48224.4
2023-05-21,80917.5,82851.0,80009.5,82596.0,48224.4
2023-05-22,82526.0,82978.5,81839.5,82409.5,48224.4
2023-05-23,82323.0,83461.5,82208.0,83117.5,48224.4
2023-05-24,82971.5,83408.5,82019.0,82366.0,48224.4
2023-05-25,82189.5,82789.5,81137.0,82344.0,48224.4
2023-05-26,82349.5,83275.0,82066.0,82911.5,48224.4
2023-05-27,82349.5,83275.0,82066.0,82911.5,48224.4
2023-05-28,82349.5,83275.0,82066.0,82911.5,48224.4
2023-05-29,82349.5,83275.0,82066.0,82911.5,48224.4
2023-05-30,83887.5,84359.0,83283.0,83691.0,48224.4
2023-05-31,83887.5,84359.0,83283.0,83691.0,48224.4
2023-06-01,83852.5,85391.5,83467.0,85038.0,48224.4
2023-06-02,85298.0,85863.5,84771.5,85139.5,48224.4
2023-06-03,85298.0,85863.5,84771.5,85139.5,48224.4
2023-06-04,85298.0,85863.5,84771.5,85139.5,48224.4
2023-06-05,85478.0,86982.5,85459.5,86698.5,48224.4
2023-06-06,86977.5,87872.5,86101.0,87279.5,48224.4
2023-06-07,87787.0,89937.0,86859.0,89053.5,48224.4
2023-06-08,89290.0,91061.5,87980.5,88558.0,48224.4
2023-06-09,89649.5,89877.5,88480.5,88893.5,48224.4
2023-06-10,89649.5,89877.5,88480.5,88893.5,48224.4
2023-06-11,89649.5,89877.5,88480.5,88893.5,48224.4
2023-06-12,89418.0,89913.0,88649.5,89012.5,48224.4
2023-06-13,89482.0,90026.0,88717.0,88928.5,48224.4
2023-06-14,89571.5,90390.5,89110.0,90117.0,48224.4
2023-06-15,90176.0,90672.5,89290.5,89419.5,48224.4
2023-06-16,89652.0,90238.5,89219.0,89773.5,48224.4
2023-06-17,89652.0,90238.5,89219.0,89773.5,48224.4
2023-06-18,89652.0,90238.5,89219.0,89773.5,48224.4
2023-06-19,89876.0,90452.5,89077.5,89545.0,48224.4
2023-06-20,89665.0,91822.5,89114.5,91550.0,48224.4
2023-06-21,91719.0,91970.5,90324.0,91252.5,48224.4
2023-06-22,91607.5,91721.5,89412.0,89614.5,48224.4
2023-06-23,89743.5,89906.0,87601.0,88159.5,48224.4
2023-06-24,89743.5,89906.0,87601.0,88159.5,48224.4
2023-06-25,89743.5,89906.0,87601.0,88159.5,48224.4
2023-06-26,88203.5,89301.0,87734.5,89073.5,48224.4
2023-06-27,89317.5,90249.5,89173.5,89680.5,48224.4
2023-06-28,90396.5,91621.5,89713.5,90872.5,48224.4
2023-06-29,90396.5,91621.5,89713.5,90872.5,48224.4
2023-06-30,90396.5,91621.5,89713.5,90872.5,48224.4
2023-07-01,90396.5,91621.5,89713.5,90872.5,48224.4
2023-07-02,90396.5,91621.5,89713.5,90872.5,48224.4
2023-07-03,90396.5,91621.5,89713.5,90872.5,48224.4
2023-07-04,90396.5,91621.5,89713.5,90872.5,48224.4
2023-07-05,90396.5,91621.5,89713.5,90872.5,48224.4
2023-07-06,90396.5,91621.5,89713.5,90872.5,48224.4
2023-07-07,93991.0,96773.0,92611.5,95484.0,48224.4
2023-07-08,93991.0,96773.0,92611.5,95484.0,48224.4
2023-07-09,93991.0,96773.0,92611.5,95484.0,48224.4
2023-07-10,96262.5,97252.5,94926.5,95073.0,48224.4
2023-07-11,96262.5,97252.5,94926.5,95073.0,48224.4
2023-07-12,96262.5,97252.5,94926.5,95073.0,48224.4
2023-07-13,96262.5,97252.5,94926.5,95073.0,48224.4
2023-07-14,95109.0,95450.5,94207.5,95102.0,48224.4
2023-07-15,95109.0,95450.5,94207.5,95102.0,48224.4
2023-07-16,95109.0,95450.5,94207.5,95102.0,48224.4
2023-07-17,95312.0,95863.0,94379.5,94817.0,48224.4
2023-07-18,95312.0,95863.0,94379.5,94817.0,48224.4
2023-07-19,94069.0,95202.0,93107.5,94436.5,48224.4
2023-07-20,94496.5,94903.0,93761.0,94343.0,48224.4
2023-07-21,94289.0,95433.0,93737.5,94662.5,48224.4
2023-07-22,94289.0,95433.0,93737.5,94662.5,48224.4
2023-07-23,94289.0,95433.0,93737.5,94662.5,48224.4
2023-07-24,94918.0,95706.0,94595.0,94990.5,48224.4
2023-07-25,94918.0,95706.0,94595.0,94990.5,48224.4
2023-07-26,96608.5,99333.0,96310.5,96738.0,48224.4
2023-07-27,96608.5,99333.0,96310.5,96738.0,48224.4
2023-07-28,97189.0,99646.0,95674.5,98149.5,48224.4
2023-07-29,97189.0,99646.0,95674.5,98149.5,48224.4
2023-07-30,97189.0,99646.0,95674.5,98149.5,48224.4
2023-07-31,97189.0,99646.0,95674.5,98149.5,48224.4
2023-08-01,97189.0,99646.0,95674.5,98149.5,48224.4
2023-08-02,97189.0,99646.0,95674.5,98149.5,48224.4
2023-08-03,97091.5,97707.5,95794.0,96632.0,48224.4
2023-08-04,97374.0,97579.0,95898.5,96261.0,48224.4
2023-08-05,97374.0,97579.0,95898.5,96261.0,48224.4
2023-08-06,97374.0,97579.0,95898.5,96261.0,48224.4
2023-08-07,96986.5,96991.5,95179.5,95317.0,48224.4
2023-08-08,95802.0,96413.5,94580.5,95261.5,48224.4
2023-08-09,96071.5,97472.5,94816.5,96970.0,48224.4
2023-08-10,97153.5,98519.0,94803.0,96839.0,48224.4
2023-08-11,97183.0,97653.5,95787.0,96052.0,48224.4
2023-08-12,97183.0,97653.5,95787.0,96052.0,48224.4
2023-08-13,97183.0,97653.5,95787.0,96052.0,48224.4
2023-08-14,95905.5,96029.5,93307.5,94860.5,48224.4
2023-08-15,95905.5,96029.5,93307.5,94860.5,48224.4
2023-08-16,94498.0,96894.5,93414.5,96572.0,48224.4
2023-08-17,96574.5,97028.5,95348.5,95691.5,48224.4
2023-08-18,95639.0,96486.0,95002.5,95537.0,48224.4
2023-08-19,95639.0,96486.0,95002.5,95537.0,48224.4
2023-08-20,95639.0,96486.0,95002.5,95537.0,48224.4
2023-08-21,95574.5,97795.5,95430.5,97420.5,48224.4
2023-08-22,97731.5,98696.0,97244.0,97952.5,48224.4
2023-08-23,98267.5,98984.5,97222.5,97622.5,48224.4
2023-08-24,98158.0,99256.0,97333.0,97969.0,48224.4
2023-08-25,98031.5,98824.5,95364.5,96797.5,48224.4
2023-08-26,98031.5,98824.5,95364.5,96797.5,48224.4
2023-08-27,98031.5,98824.5,95364.5,96797.5,48224.4
2023-08-28,96890.0,97322.5,96187.0,96429.5,48224.4
2023-08-29,96698.5,97766.5,96509.5,97131.0,48224.4
2023-08-30,97773.0,98331.5,96987.0,97121.0,48224.4
2023-08-31,97773.0,98331.5,96987.0,97121.0,48224.4
2023-09-01,96855.5,99310.0,96525.5,98847.0,48224.4
2023-09-02,96855.5,99310.0,96525.5,98847.0,48224.4
2023-09-03,96855.5,99310.0,96525.5,98847.0,48224.4
2023-09-04,99143.5,100284.5,98347.5,99199.0,48224.4
2023-09-05,99380.0,100692.5,98634.0,99310.5,48224.4
2023-09-06,99596.5,99793.0,98216.5,99103.0,48224.4
2023-09-07,99269.5,101040.5,98805.5,100454.0,48224.4
2023-09-08,100823.0,103787.5,100431.5,102478.0,48224.4
2023-09-09,100823.0,103787.5,100431.5,102478.0,48224.4
2023-09-10,100823.0,103787.5,100431.5,102478.0,48224.4
2023-09-11,103657.0,104075.0,102848.5,103661.5,48224.4
2023-09-12,104529.5,104715.5,100016.0,100929.0,48224.4
2023-09-13,100996.5,102398.5,100509.0,101747.0,48224.4
2023-09-14,102321.0,102693.5,101288.0,101625.5,48224.4
2023-09-15,102368.5,103267.0,101652.5,102412.0,48224.4
2023-09-16,102368.5,103267.0,101652.5,102412.0,48224.4
2023-09-17,102368.5,103267.0,101652.5,102412.0,48224.4
2023-09-18,102799.5,103834.5,102098.5,103300.5,48224.4
2023-09-19,102799.5,103834.5,102098.5,103300.5,48224.4
2023-09-20,103205.5,104167.5,102283.0,102563.0,48224.4
2023-09-21,102510.5,102858.5,100259.0,100609.5,48224.4
2023-09-22,100662.0,101457.5,99496.0,100107.0,48224.4
2023-09-23,100662.0,101457.5,99496.0,100107.0,48224.4
2023-09-24,100662.0,101457.5,99496.0,100107.0,48224.4
2023-09-25,100356.0,100704.0,99480.5,99844.5,48224.4
2023-09-26,99986.0,101552.0,99793.0,100391.5,48224.4
2023-09-27,100410.5,100714.5,99595.5,100425.5,48224.4
2023-09-28,101174.5,101435.5,99299.5,99561.0,48224.4
2023-09-29,100272.0,102434.5,99919.0,101795.5,48224.4
2023-09-30,100272.0,102434.5,99919.0,101795.5,48224.4
2023-10-01,100272.0,102434.5,99919.0,101795.5,48224.4
2023-10-02,100272.0,102434.5,99919.0,101795.5,48224.4
2023-10-03,102099.5,102656.5,100424.0,101057.5,48224.4
2023-10-04,101108.0,101108.0,98334.5,99292.5,48224.4
2023-10-05,100190.5,100615.5,99317.5,100058.0,48224.4
2023-10-06,101195.5,101255.5,100154.5,100461.0,48224.4
2023-10-07,101195.5,101255.5,100154.5,100461.0,48224.4
2023-10-08,101195.5,101255.5,100154.5,100461.0,48224.4
2023-10-09,99208.0,99927.5,98179.5,98680.0,48224.4
2023-10-10,98975.5,100941.5,98796.5,100604.0,48224.4
2023-10-11,100909.0,101663.5,100618.0,100889.5,48224.4
2023-10-12,101431.0,102075.0,101163.5,101396.0,48224.4
2023-10-13,101066.0,104698.5,100697.0,104236.0,48224.4
2023-10-14,101066.0,104698.5,100697.0,104236.0,48224.4
2023-10-15,101066.0,104698.5,100697.0,104236.0,48224.4
2023-10-16,104512.5,105708.5,103567.5,104252.0,48224.4
2023-10-17,105055.0,105404.5,103300.0,103521.5,48224.4
2023-10-18,103930.5,105270.0,102524.0,104228.5,48224.4
2023-10-19,103699.0,104558.0,102702.5,104045.0,48224.4
2023-10-20,103970.0,104932.5,102467.0,102778.5,48224.4
2023-10-21,103970.0,104932.5,102467.0,102778.5,48224.4
2023-10-22,103970.0,104932.5,102467.0,102778.5,48224.4
2023-10-23,103027.5,103392.5,99334.5,99917.0,48224.4
2023-10-24,103027.5,103392.5,99334.5,99917.0,48224.4
2023-10-25,100220.0,100875.0,98015.0,98718.5,48224.4
2023-10-26,98217.0,98320.5,96553.5,97257.0,48224.4
2023-10-27,97946.0,99694.0,97614.5,99226.0,48224.4
2023-10-28,97946.0,99694.0,97614.5,99226.0,48224.4
2023-10-29,97946.0,99694.0,97614.5,99226.0,48224.4
2023-10-30,99726.5,99812.5,96897.5,98115.5,48224.4
2023-10-31,99726.5,99812.5,96897.5,98115.5,48224.4
2023-11-01,98464.5,98883.5,97545.5,97720.5,48224.4
2023-11-02,98407.5,100022.5,98099.5,99838.5,48224.4
2023-11-03,102489.5,102931.5,100634.0,100886.5,48224.4
2023-11-04,102489.5,102931.5,100634.0,100886.5,48224.4
2023-11-05,102489.5,102931.5,100634.0,100886.5,48224.4
2023-11-06,101904.5,102404.0,100602.0,101449.5,48224.4
2023-11-07,101513.0,102221.0,101139.0,101408.0,48224.4
2023-11-08,102289.5,102813.0,101273.5,101888.0,48224.4
2023-11-09,101961.0,102965.0,100800.5,101526.5,48224.4
2023-11-10,101677.5,102481.5,100885.5,102215.0,48224.4
2023-11-11,101677.5,102481.5,100885.5,102215.0,48224.4
2023-11-12,101677.5,102481.5,100885.5,102215.0,48224.4
2023-11-13,102730.0,103578.5,102061.0,103287.0,48224.4
2023-11-14,102730.0,103578.5,102061.0,103287.0,48224.4
2023-11-15,104243.0,106086.0,103820.0,105446.0,48224.4
2023-11-16,105719.0,107745.0,105341.0,106769.5,48224.4
2023-11-17,107508.5,107869.0,106555.5,106882.0,48224.4
2023-11-18,107508.5,107869.0,106555.5,106882.0,48224.4
2023-11-19,107508.5,107869.0,106555.5,106882.0,48224.4
2023-11-20,107418.5,107739.0,105489.5,105922.5,48224.4
2023-11-21,106856.5,107536.0,106007.5,106877.0,48224.4
2023-11-22,107456.0,107714.0,105889.0,106809.5,48224.4
2023-11-23,106913.5,107547.5,106098.0,106492.0,48224.4
2023-11-24,106886.0,106886.0,105102.5,105494.0,48224.4
2023-11-25,106886.0,106886.0,105102.5,105494.0,48224.4
2023-11-26,106886.0,106886.0,105102.5,105494.0,48224.4
2023-11-27,106886.0,106886.0,105102.5,105494.0,48224.4
2023-11-28,106041.0,110014.0,105604.0,109756.0,48224.4
2023-11-29,110657.5,112164.5,109535.5,111583.0,48224.4
2023-11-30,110657.5,112164.5,109535.5,111583.0,48224.4
2023-12-01,110890.5,112285.0,109956.0,111308.0,48224.4
2023-12-02,110890.5,112285.0,109956.0,111308.0,48224.4
2023-12-03,110890.5,112285.0,109956.0,111308.0,48224.4
2023-12-04,113846.0,113881.0,111672.5,112141.0,48224.4
2023-12-05,112939.0,113441.0,111380.5,112424.0,48224.4
2023-12-06,112633.0,116587.0,112273.0,115706.0,48224.4
2023-12-07,116135.0,121867.5,114794.0,120383.5,48224.4
2023-12-08,121639.0,122439.5,117796.0,119319.0,48224.4
2023-12-09,121639.0,122439.5,117796.0,119319.0,48224.4
2023-12-10,121639.0,122439.5,117796.0,119319.0,48224.4
2023-12-11,120033.0,122243.0,119388.0,121425.0,48224.4
2023-12-12,122448.0,122448.0,119767.0,120480.5,48224.4
2023-12-13,120877.0,122508.0,120150.5,122055.5,48224.4
2023-12-14,122968.5,123013.5,121417.0,121584.5,48224.4
2023-12-15,122412.5,123471.5,121229.0,122538.0,48224.4
2023-12-16,122412.5,123471.5,121229.0,122538.0,48224.4
2023-12-17,122412.5,123471.5,121229.0,122538.0,48224.4
2023-12-18,123574.0,123827.5,122288.5,122927.5,48224.4
2023-12-19,123487.5,123487.5,121517.5,122638.5,48224.4
2023-12-20,122843.5,124639.0,117361.5,117869.0,48224.4
2023-12-21,117262.5,120121.5,115836.0,119487.5,48224.4
2023-12-22,120702.0,122220.5,119083.5,120777.5,48224.4
2023-12-23,120702.0,122220.5,119083.5,120777.5,48224.4
2023-12-24,120702.0,122220.5,119083.5,120777.5,48224.4
2023-12-25,120702.0,122220.5,119083.5,120777.5,48224.4
2023-12-26,121360.0,121805.0,119714.0,120069.5,48224.4
2023-12-27,121163.0,122995.0,120104.5,122121.5,48224.4
2023-12-28,122564.5,124739.5,121814.0,124168.0,48224.4
2023-12-29,124511.0,129911.0,123616.0,127172.0,48224.4
2023-12-30,124511.0,129911.0,123616.0,127172.0,48224.4
2023-12-31,124511.0,129911.0,123616.0,127172.0,48224.4
2024-01-01,128152.5,129496.5,126677.5,127827.5,48224.4
2024-01-02,129135.0,129543.0,125184.5,127191.5,48224.4
2024-01-03,127335.5,127733.5,125652.0,126389.0,48224.4
2024-01-04,128057.5,130560.5,127471.5,129496.0,48224.4
2024-01-05,130235.0,132295.0,128455.0,129437.5,48224.4
2024-01-06,130235.0,132295.0,128455.0,129437.5,48224.4
2024-01-07,130235.0,132295.0,128455.0,129437.5,48224.4
2024-01-08,130927.0,131057.0,128666.0,129005.0,48224.4
2024-01-09,130481.0,131891.0,129377.0,130237.5,48224.4
2024-01-10,130633.5,132639.5,129684.0,132063.0,48224.4
2024-01-11,132983.5,134973.0,132309.5,134423.0,48224.4
2024-01-12,135433.0,135433.0,133696.0,134523.0,48224.4
2024-01-13,135433.0,135433.0,133696.0,134523.0,48224.4
2024-01-14,135433.0,135433.0,133696.0,134523.0,48224.4
2024-01-15,135455.0,135455.0,133344.0,134292.5,48224.4
2024-01-16,134627.5,136039.5,132898.5,134181.5,48224.4
2024-01-17,133584.5,133905.5,131596.0,132137.5,48224.4
2024-01-18,133584.5,133905.5,131596.0,132137.5,48224.4
2024-01-19,133988.0,134516.5,133005.0,133879.0,48224.4
2024-01-20,133988.0,134516.5,133005.0,133879.0,48224.4
2024-01-21,133988.0,134516.5,133005.0,133879.0,48224.4
2024-01-22,133988.0,134516.5,133005.0,133879.0,48224.4
2024-01-23,136599.5,136967.5,130099.5,131252.0,48224.4
2024-01-24,131899.5,134122.5,129739.5,133886.0,48224.4
2024-01-25,134557.5,135618.0,132944.5,135151.5,48224.4
2024-01-26,134557.5,135618.0,132944.5,135151.5,48224.4
2024-01-27,134557.5,135618.0,132944.5,135151.5,48224.4
2024-01-28,134557.5,135618.0,132944.5,135151.5,48224.4
2024-01-29,136185.0,141656.5,135367.5,140588.0,48224.4
2024-01-30,141514.0,146717.5,140797.0,142618.0,48224.4
2024-01-31,141514.0,146717.5,140797.0,142618.0,48224.4
2024-02-01,148439.5,148865.5,144659.0,145353.0,48224.4
2024-02-02,146715.0,147971.0,145049.0,145531.5,48224.4
2024-02-03,146715.0,147971.0,145049.0,145531.5,48224.4
2024-02-04,146715.0,147971.0,145049.0,145531.5,48224.4
2024-02-05,152738.0,154472.0,149232.0,150922.0,48224.4
2024-02-06,152597.5,152796.5,150052.0,152038.0,48224.4
2024-02-07,152997.0,153851.5,150782.5,151772.0,48224.4
2024-02-08,152453.5,154763.5,150013.5,152726.5,48224.4
2024-02-09,153826.5,153826.5,147389.0,149475.5,48224.4
2024-02-10,153826.5,153826.5,147389.0,149475.5,48224.4
2024-02-11,153826.5,153826.5,147389.0,149475.5,48224.4
2024-02-12,148007.0,149594.0,143872.0,144576.0,48224.4
2024-02-13,144297.5,146019.0,141801.5,144630.0,48224.4
2024-02-14,143989.0,147372.0,142295.0,147032.0,48224.4
2024-02-15,148152.5,149202.5,147054.0,148011.5,48224.4
2024-02-16,149292.0,151533.0,147944.0,149460.0,48224.4
2024-02-17,149292.0,151533.0,147944.0,149460.0,48224.4
2024-02-18,149292.0,151533.0,147944.0,149460.0,48224.4
2024-02-19,151431.0,151543.5,149142.0,149493.5,48224.4
2024-02-20,149932.5,150112.5,147696.0,148650.0,48224.4
2024-02-21,148988.5,150462.5,146858.0,147588.5,48224.4
2024-02-22,148357.5,149525.0,146037.0,149075.0,48224.4
2024-02-23,149281.0,150394.5,148737.0,149622.0,48224.4
2024-02-24,149281.0,150394.5,148737.0,149622.0,48224.4
2024-02-25,149281.0,150394.5,148737.0,149622.0,48224.4
2024-02-26,149844.5,150846.5,149017.5,149577.0,48224.4
2024-02-27,149848.0,152606.0,148786.0,151755.0,48224.4
2024-02-28,152145.5,153498.0,148868.0,149839.0,48224.4
2024-02-29,152145.5,153498.0,148868.0,149839.0,48224.4
2024-03-01,151502.5,154109.5,151046.5,153468.0,48224.4
2024-03-02,151502.5,154109.5,151046.5,153468.0,48224.4
2024-03-03,151502.5,154109.5,151046.5,153468.0,48224.4
2024-03-04,155630.0,157789.0,154283.0,156595.5,48224.4
2024-03-05,161213.5,165628.0,158176.0,160699.0,48224.4
2024-03-06,161554.0,161784.0,157726.0,160081.0,48224.4
2024-03-07,161238.5,168721.0,159901.5,166743.5,48224.4
2024-03-08,161238.5,168721.0,159901.5,166743.5,48224.4
2024-03-09,161238.5,168721.0,159901.5,166743.5,48224.4
2024-03-10,161238.5,168721.0,159901.5,166743.5,48224.4
2024-03-11,165025.5,165973.5,161941.5,163839.5,48224.4
2024-03-12,164130.5,165025.5,159475.0,160159.5,48224.4
2024-03-13,160648.0,161202.5,150729.5,152212.0,48224.4
2024-03-14,151805.0,155266.5,149588.5,153586.0,48224.4
2024-03-15,153770.0,155313.5,148988.0,150873.0,48224.4
2024-03-16,153770.0,155313.5,148988.0,150873.0,48224.4
2024-03-17,153770.0,155313.5,148988.0,150873.0,48224.4
2024-03-18,151114.0,155742.0,149643.0,155278.0,48224.4
2024-03-19,155114.0,155114.0,151510.0,152365.5,48224.4
2024-03-20,153058.5,153875.0,146989.0,150206.0,48224.4
2024-03-21,151968.0,155158.5,151407.5,154434.5,48224.4
2024-03-22,154210.0,157070.0,152195.5,155687.0,48224.4
2024-03-23,154210.0,157070.0,152195.5,155687.0,48224.4
2024-03-24,154210.0,157070.0,152195.5,155687.0,48224.4
2024-03-25,154210.0,157070.0,152195.5,155687.0,48224.4
2024-03-26,155483.0,157710.0,154933.0,156243.0,48224.4
2024-03-27,157230.0,157707.5,154968.0,155262.0,48224.4
2024-03-28,156241.0,158909.0,155654.5,157538.5,48224.4
2024-03-29,156241.0,158909.0,155654.5,157538.5,48224.4
2024-03-30,156241.0,158909.0,155654.5,157538.5,48224.4
2024-03-31,156241.0,158909.0,155654.5,157538.5,48224.4
2024-04-01,159055.5,161404.5,157527.5,159352.0,48224.4
2024-04-02,160175.5,161732.5,159459.5,160863.5,48224.4
2024-04-03,161030.0,162784.5,159419.5,161821.5,48224.4
2024-04-04,163087.0,163768.0,160577.5,162418.0,48224.4
2024-04-05,162413.0,162598.0,160760.0,161973.5,48224.4
2024-04-06,162413.0,162598.0,160760.0,161973.5,48224.4
2024-04-07,162413.0,162598.0,160760.0,161973.5,48224.4
2024-04-08,162778.5,163513.0,161743.0,162829.0,48224.4
2024-04-09,163939.0,167462.0,162083.0,164364.5,48224.4
2024-04-10,165168.5,167077.5,164707.0,165170.0,48224.4
2024-04-11,165168.5,167077.5,164707.0,165170.0,48224.4
2024-04-12,165404.0,168598.5,164809.0,166464.0,48224.4
2024-04-13,165404.0,168598.5,164809.0,166464.0,48224.4
2024-04-14,165404.0,168598.5,164809.0,166464.0,48224.4
2024-04-15,158927.5,165979.0,157024.5,163681.5,48224.4
2024-04-16,162693.0,164905.5,161337.0,162889.5,48224.4
2024-04-17,162693.0,164905.5,161337.0,162889.5,48224.4
2024-04-18,164027.0,165824.5,159812.0,160730.0,48224.4
2024-04-19,159474.5,160650.5,156382.0,159631.5,48224.4
2024-04-20,159474.5,160650.5,156382.0,159631.5,48224.4
2024-04-21,159474.5,160650.5,156382.0,159631.5,48224.4
2024-04-22,162122.0,162300.5,159739.5,160645.5,48224.4
2024-04-23,161515.5,163392.0,160694.5,162166.0,48224.4
2024-04-24,163192.0,163613.5,161954.0,162507.0,48224.4
2024-04-25,162796.0,164338.0,162244.5,163890.5,48224.4
2024-04-26,164340.0,165890.5,163491.0,164531.0,48224.4
2024-04-27,164340.0,165890.5,163491.0,164531.0,48224.4
2024-04-28,164340.0,165890.5,163491.0,164531.0,48224.4
2024-04-29,165492.5,167344.0,164592.0,166333.5,48224.4
2024-04-30,165492.5,167344.0,164592.0,166333.5,48224.4
2024-05-01,165492.5,167344.0,164592.0,166333.5,48224.4
2024-05-02,168511.0,171035.5,167661.5,170500.5,48224.4
2024-05-03,172209.0,172684.0,165974.0,168631.0,48224.4
2024-05-04,172209.0,172684.0,165974.0,168631.0,48224.4
2024-05-05,172209.0,172684.0,165974.0,168631.0,48224.4
2024-05-06,169698.5,169986.5,165896.0,167568.5,48224.4
2024-05-07,168014.5,168158.5,162174.0,163355.5,48224.4
2024-05-08,163133.0,166758.0,161383.5,165613.0,48224.4
2024-05-09,164501.5,168004.5,161685.0,164142.0,48224.4
2024-05-10,165243.5,166802.0,162769.5,165967.0,48224.4
2024-05-11,165243.5,166802.0,162769.5,165967.0,48224.4
2024-05-12,165243.5,166802.0,162769.5,165967.0,48224.4
2024-05-13,162005.5,162371.5,153416.5,156849.0,48224.4
2024-05-14,157675.0,160698.0,156358.0,160124.0,48224.4
2024-05-15,161518.5,162389.0,158183.5,158556.0,48224.4
2024-05-16,159767.0,159998.0,155051.0,157844.0,48224.4
2024-05-17,158763.0,160215.0,158137.5,159136.5,48224.4
2024-05-18,158763.0,160215.0,158137.5,159136.5,48224.4
2024-05-19,158763.0,160215.0,158137.5,159136.5,48224.4
2024-05-20,158763.0,160215.0,158137.5,159136.5,48224.4
2024-05-21,161339.0,161838.5,160041.5,160479.0,48224.4
2024-05-22,160608.0,162064.0,158861.0,160988.0,48224.4
2024-05-23,161678.0,163231.0,160475.5,162652.5,48224.4
2024-05-24,162990.5,164103.5,161823.5,162277.5,50223.98
2024-05-25,162990.5,164103.5,161823.5,162277.5,50223.98
2024-05-26,162990.5,164103.5,161823.5,162277.5,50223.98
2024-05-27,163238.5,163753.0,161019.0,161757.5,50223.98
2024-05-28,162277.5,162730.0,158850.5,159380.5,50223.98
2024-05-29,159135.5,160055.5,157818.5,158404.0,50223.98
2024-05-30,158385.0,159269.0,154710.5,155324.5,50223.98
2024-05-31,158385.0,159269.0,154710.5,155324.5,50223.98
2024-06-01,158385.0,159269.0,154710.5,155324.5,50223.98
2024-06-02,158385.0,159269.0,154710.5,155324.5,50223.98
2024-06-03,164008.5,164515.5,159618.5,162625.0,50223.98
2024-06-04,166558.0,166558.0,143872.9,152258.15,52912.58
2024-06-05,156834.0,159001.0,149256.0,158279.7,52912.58
2024-06-06,160986.7,162444.55,158967.6,160584.4,52912.58
2024-06-07,160618.0,166176.3,159618.5,165587.75,52912.58
2024-06-08,160618.0,166176.3,159618.5,165587.75,52912.58
2024-06-09,160618.0,166176.3,159618.5,165587.75,52912.58
2024-06-10,167362.5,169317.55,165700.8,166688.2,52912.58
2024-06-11,167359.8,170107.0,166363.8,168727.15,52912.58
2024-06-12,170039.0,171843.5,168709.8,169062.85,52912.58
2024-06-13,174390.28,174658.8,171177.5,172112.63,55912.58
2024-06-14,172660.18,173471.54,170939.53,172325.72,55912.58
2024-06-15,172660.18,173471.54,170939.53,172325.72,55912.58
2024-06-16,172660.18,173471.54,170939.53,172325.72,55912.58
2024-06-17,172660.18,173471.54,170939.53,172325.72,55912.58
2024-06-18,173134.52,174226.37,171327.66,172096.26,55912.58
2024-06-19,172650.15,173211.78,169454.68,169847.47,55912.58
2024-06-20,170360.83,171668.1,168888.58,170178.54,55912.58
2024-06-21,170474.22,170955.18,167268.24,167811.44,55912.58
2024-06-22,170474.22,170955.18,167268.24,167811.44,55912.58
2024-06-23,170474.22,170955.18,167268.24,167811.44,55912.58
2024-06-24,167433.12,168308.51,165680.68,167120.57,55912.58
2024-06-25,167308.82,168014.64,165240.82,165926.0,55912.58
2024-06-26,166050.58,167545.47,165168.58,165777.97,55912.58
2024-06-27,165919.22,169834.97,164571.19,168645.95,55912.58
2024-06-28,169438.92,172653.74,168738.56,171009.53,55912.58
2024-06-29,169438.92,172653.74,168738.56,171009.53,55912.58
2024-06-30,169438.92,172653.74,168738.56,171009.53,55912.58
2024-07-01,171033.94,172855.79,169623.31,171413.23,55912.58
2024-07-02,171962.88,172176.36,168098.47,169017.04,57913.83
2024-07-03,169415.67,170178.56,168062.48,168769.26,57913.83
2024-07-04,170018.22,173313.3,169417.09,171857.78,57913.83
2024-07-05,171936.06,173206.18,170443.18,171782.82,57913.83
2024-07-06,171936.06,173206.18,170443.18,171782.82,57913.83
2024-07-07,171936.06,173206.18,170443.18,171782.82,57913.83
2024-07-08,172919.51,174741.19,170803.84,171736.14,57913.83
2024-07-09,172408.32,174645.4,171434.95,173789.07,57913.83
2024-07-10,174149.61,174886.4,168997.42,172574.99,57913.83
2024-07-11,173177.01,175802.1,172654.95,174611.64,57913.83
2024-07-12,174969.58,175911.92,172766.99,173599.64,57913.83
2024-07-13,174969.58,175911.92,172766.99,173599.64,57913.83
2024-07-14,174969.58,175911.92,172766.99,173599.64,57913.83
2024-07-15,174332.46,176219.46,173108.56,175080.02,57913.83
2024-07-16,175515.28,176618.24,174042.37,174447.98,57913.83
2024-07-17,175515.28,176618.24,174042.37,174447.98,57913.83
2024-07-18,175151.59,175661.17,171753.9,173729.15,57913.83
2024-07-19,173701.33,173815.33,167128.64,167695.22,57913.83
2024-07-20,173701.33,173815.33,167128.64,167695.22,57913.83
2024-07-21,173701.33,173815.33,167128.64,167695.22,57913.83
2024-07-22,167683.14,171297.59,165591.62,170573.82,57913.83
2024-07-23,171689.4,171967.18,162910.34,169075.75,57913.83
2024-07-24,168928.05,173854.11,168285.45,172330.12,57913.83
2024-07-25,171672.7,179840.2,170927.29,178893.28,57913.83
2024-07-26,181703.44,185505.33,179276.4,185043.99,57913.83
2024-07-27,181703.44,185505.33,179276.4,185043.99,57913.83
2024-07-28,181703.44,185505.33,179276.4,185043.99,57913.83
2024-07-29,186005.3,188186.3,184466.79,185278.27,57913.83
2024-07-30,185275.62,191905.73,184425.13,189451.27,57913.83
2024-07-31,185275.62,191905.73,184425.13,189451.27,57913.83
2024-08-01,191564.47,194288.26,188322.06,190713.87,57913.83
2024-08-02,187563.11,189179.42,183357.15,185261.43,59914.74
2024-08-03,187563.11,189179.42,183357.15,185261.43,59914.74
2024-08-04,187563.11,189179.42,183357.15,185261.43,59914.74
2024-08-05,177998.8,180790.02,172126.47,173073.3,59914.74
2024-08-06,174282.84,179819.4,171967.02,173004.6,59914.74
2024-08-07,176511.24,178030.04,171576.08,173310.31,59914.74
2024-08-08,174790.41,176884.36,171426.78,173005.88,59914.74
2024-08-09,176029.24,178381.01,173873.08,175693.9,59914.74
2024-08-10,176029.24,178381.01,173873.08,175693.9,59914.74
2024-08-11,176029.24,178381.01,173873.08,175693.9,59914.74
2024-08-12,175020.13,177850.64,173345.35,176703.78,59914.74
2024-08-13,177043.37,177109.24,171999.26,172840.02,59914.74
2024-08-14,173692.55,175014.62,171312.32,173323.94,59914.74
2024-08-15,173692.55,175014.62,171312.32,173323.94,59914.74
2024-08-16,174878.0,178612.18,174308.46,178300.13,59914.74
2024-08-17,174878.0,178612.18,174308.46,178300.13,59914.74
2024-08-18,174878.0,178612.18,174308.46,178300.13,59914.74
2024-08-19,179567.98,180270.17,177213.13,178076.03,59914.74
2024-08-20,178868.65,179996.17,177137.48,178442.22,59914.74
2024-08-21,179668.17,180074.1,177671.1,178607.76,59914.74
2024-08-22,179453.16,179858.57,176229.84,176755.1,59914.74
2024-08-23,177144.9,179204.2,176092.4,177609.4,59914.74
2024-08-24,177144.9,179204.2,176092.4,177609.4,59914.74
2024-08-25,177144.9,179204.2,176092.4,177609.4,59914.74
2024-08-26,178492.3,180334.45,177272.0,179067.8,59914.74
2024-08-27,179413.8,180571.55,177243.3,178293.2,59914.74
