,high_amount,moving_avg,forcast
2019-11-27,35.45,,
2019-11-28,35.34,,
2019-11-29,35.39,,
2019-11-30,35.39,,
2019-12-01,35.39,,
2019-12-02,35.25,,
2019-12-03,34.89,,
2019-12-04,34.74,,
2019-12-05,34.74,,
2019-12-06,34.49,,
2019-12-07,34.49,,
2019-12-08,34.49,,
2019-12-09,33.99,,
2019-12-10,33.78,,
2019-12-11,33.49,,
2019-12-12,33.79,,
2019-12-13,34.29,,
2019-12-14,34.29,,
2019-12-15,34.29,,
2019-12-16,34.4,,
2019-12-17,34.3,,
2019-12-18,34.44,,
2019-12-19,34.19,,
2019-12-20,34.35,,
2019-12-21,34.35,,
2019-12-22,34.35,,
2019-12-23,34.35,,
2019-12-24,34.2,,
2019-12-25,34.2,,
2019-12-26,34.24,,
2019-12-27,34.36,,
2019-12-28,34.36,,
2019-12-29,34.36,,
2019-12-30,34.49,,
2019-12-31,34.57,,
2020-01-01,34.69,,
2020-01-02,35.05,,
2020-01-03,34.98,,
2020-01-04,34.98,,
2020-01-05,34.98,,
2020-01-06,34.6,,
2020-01-07,34.4,,
2020-01-08,33.9,,
2020-01-09,34.25,,
2020-01-10,352.87,,
2020-01-11,352.87,,
2020-01-12,352.87,,
2020-01-13,350.48,,
2020-01-14,347.06,,
2020-01-15,344.91,,
2020-01-16,342.68,,
2020-01-17,339.44,82.7401923076923,
2020-01-18,339.44,88.58615384615385,
2020-01-19,339.44,94.43423076923077,
2020-01-20,337.31,100.24038461538461,
2020-01-21,332.91999999999996,105.9621153846154,
2020-01-22,332.56,111.67692307692307,
2020-01-23,339.87,117.535,
2020-01-24,342.62,123.4528846153846,
2020-01-25,342.62,129.37365384615384,
2020-01-26,342.62,135.2944230769231,
2020-01-27,337.52,141.12192307692308,
2020-01-28,335.28999999999996,146.90653846153845,
2020-01-29,335.12,152.6878846153846,
2020-01-30,332.48,158.42807692307693,
2020-01-31,332.28,164.16846153846154,
2020-02-01,331.74,169.90403846153848,
2020-02-02,331.74,175.63384615384618,
2020-02-03,321.81,181.16307692307691,
2020-02-04,321.97,186.69538461538463,
2020-02-05,328.71000000000004,192.3573076923077,
2020-02-06,337.66,198.18923076923076,
2020-02-07,339.14,204.05153846153846,
2020-02-08,339.14,209.91115384615387,
2020-02-09,339.14,215.77557692307693,
2020-02-10,337.06,221.59692307692305,
2020-02-11,339.65000000000003,227.4680769230769,
2020-02-12,343.71,233.4173076923077,
2020-02-13,344.45,239.38076923076926,
2020-02-14,345.39,245.3651923076923,
2020-02-15,345.39,251.3496153846154,
2020-02-16,345.39,257.33326923076925,
2020-02-17,334.83,263.11153846153843,
2020-02-18,332.69,268.8486538461538,
2020-02-19,437.91999999999996,276.60942307692306,
2020-02-20,342.55,282.53365384615387,
2020-02-21,342.55,288.45634615384614,
2020-02-22,342.55,294.3767307692308,
2020-02-23,342.55,300.29019230769234,
2020-02-24,344.02,306.2332692307692,
2020-02-25,340.87,312.1157692307692,
2020-02-26,343.14,318.04192307692307,
2020-02-27,341.90000000000003,323.95153846153846,
2020-02-28,327.14000000000004,329.5811538461538,
2020-02-29,327.14000000000004,335.22038461538466,
2020-03-01,327.14000000000004,340.85288461538465,
2020-03-02,324.35,340.30442307692306,
2020-03-03,428.3,341.755,
2020-03-04,427.67999999999995,343.19365384615384,
2020-03-05,311.11,342.4365384615385,
2020-03-06,287.97999999999996,341.3003846153846,
2020-03-07,287.97999999999996,340.2055769230769,
2020-03-08,287.97999999999996,339.1536538461539,
2020-03-09,276.31,337.9396153846154,
2020-03-10,276.31,336.7255769230769,
2020-03-11,271.35,335.41615384615386,
2020-03-12,245.64000000000001,333.6532692307692,
2020-03-13,260.17,332.2542307692308,
2020-03-14,260.17,330.8621153846153,
2020-03-15,260.17,329.3294230769231,
2020-03-16,14417.75,600.005,
2020-03-17,14284.15,868.1113461538462,
2020-03-18,14672.460000000001,1143.6851923076924,
2020-03-19,13692.83,1400.518076923077,
2020-03-20,13932.720000000001,1662.0071153846156,
2020-03-21,13932.720000000001,1923.499423076923,
2020-03-22,13932.720000000001,2185.0425,
2020-03-23,13315.550000000001,2434.7207692307693,
2020-03-24,11918.12,2657.5357692307693,
2020-03-25,12390.16,2889.4284615384613,
2020-03-26,13238.810000000001,3137.8323076923084,
2020-03-27,13178.27,3385.0688461538466,
2020-03-28,13178.27,3632.1757692307697,
2020-03-29,13178.27,3879.1105769230776,
2020-03-30,12273.130000000001,4108.610384615385,
2020-03-31,12273.060000000001,4338.108846153847,
2020-04-01,11921.369999999999,4560.844038461539,
2020-04-02,11921.369999999999,4783.619230769231,
2020-04-03,11740.98,5002.8755769230775,
2020-04-04,11740.98,5222.053846153847,
2020-04-05,11740.98,5441.217884615385,
2020-04-06,11740.98,5660.363846153846,
2020-04-07,11671.14,5878.1667307692305,
2020-04-08,11441.97,6091.5625,
2020-04-09,11735.37,6310.803653846155,
2020-04-10,11735.37,6530.0859615384625,
2020-04-11,11735.37,6747.344615384616,
2020-04-12,11735.37,6966.437307692308,
2020-04-13,11119.16,7173.679807692307,
2020-04-14,11119.16,7380.922307692308,
2020-04-15,10051.990000000002,7567.642307692308,
2020-04-16,10289.210000000001,7758.895961538462,
2020-04-17,10515.560000000001,7954.5630769230775,
2020-04-18,10515.560000000001,8150.1865384615385,
2020-04-19,10515.560000000001,8345.833846153848,
2020-04-20,10516.94,8541.791538461539,
2020-04-21,10244.98,8732.51923076923,
2020-04-22,10260.51,8923.545576923078,
2020-04-23,10980.189999999999,9128.465576923078,
2020-04-24,11395.68,9339.37673076923,
2020-04-25,11395.68,9550.299807692309,
2020-04-26,11395.68,9763.464615384615,
2020-04-27,10992.599999999999,9969.322692307693,
2020-04-28,10758.98,10170.688076923077,
2020-04-29,11169.670000000002,10379.951346153848,
2020-04-30,11169.93,10589.444038461537,
2020-05-01,11169.93,10798.936730769232,
2020-05-02,11169.93,11008.524807692309,
2020-05-03,11169.93,11218.60730769231,
2020-05-04,11049.13,11426.087307692309,
2020-05-05,11167.330000000002,11635.840384615383,
2020-05-06,10869.570000000002,11839.86730769231,
2020-05-07,11056.93,11775.236153846154,
2020-05-08,11188.990000000002,11715.713846153845,
2020-05-09,11188.990000000002,11648.72403846154,
2020-05-10,11188.990000000002,11600.573269230768,
2020-05-11,10714.4,11538.682499999999,
2020-05-12,10476.6,11472.218653846154,
2020-05-13,10903.59,11413.966153846155,
2020-05-14,10431.23,11358.498461538462,
2020-05-15,10413.95,11329.572115384615,
2020-05-16,10413.95,11291.568076923078,
2020-05-17,10413.95,11237.243846153848,
2020-05-18,10337.35,11182.610769230769,
2020-05-19,10328.289999999999,11127.803461538462,
2020-05-20,10476.48,11075.845961538462,
2020-05-21,10454.76,11040.877307692308,
2020-05-22,10444.73,11005.717115384616,
2020-05-23,10444.73,10977.320192307692,
2020-05-24,10444.73,10948.923269230772,
2020-05-25,10444.73,10923.995384615384,
2020-05-26,9910.54,10888.794615384615,
2020-05-27,9976.42,10854.860769230769,
2020-05-28,10291.7,10826.99,
2020-05-29,10364.81,10801.86826923077,
2020-05-30,10364.81,10781.153653846153,
2020-05-31,10364.81,10754.796730769232,
2020-06-01,10671.2,10734.331923076923,
2020-06-02,10964.36,10719.504807692309,
2020-06-03,11969.490000000002,10724.007115384618,
2020-06-04,12130.849999999999,10743.462692307694,
2020-06-05,12091.949999999999,10762.170192307693,
2020-06-06,12091.949999999999,10801.400192307694,
2020-06-07,12091.949999999999,10836.068269230771,
2020-06-08,12243.289999999999,10869.293846153847,
2020-06-09,11995.44,10897.753076923078,
2020-06-10,11828.419999999998,10923.000384615385,
2020-06-11,11654.46,10944.87576923077,
2020-06-12,11376.87,10966.642884615385,
2020-06-13,11376.87,10988.111346153846,
2020-06-14,11376.87,10995.739807692307,
2020-06-15,11459.84,10996.973653846155,
2020-06-16,11657.9,11002.016346153845,
2020-06-17,11191.960000000001,10998.098653846155,
2020-06-18,11300.94,11004.028269230768,
2020-06-19,11911.72,11026.196346153845,
2020-06-20,11911.72,11040.466538461538,
2020-06-21,11911.72,11054.731730769232,
2020-06-22,12784.92,11085.78923076923,
2020-06-23,13130.18,11123.486346153846,
2020-06-24,13293.52,11164.324615384616,
2020-06-25,12766.679999999998,11197.354423076922,
2020-06-26,12683.77,11226.51673076923,
2020-06-27,12683.77,11261.405192307691,
2020-06-28,12683.77,11292.690576923078,
2020-06-29,12385.490000000002,11315.700192307693,
2020-06-30,12384.93,11338.69903846154,
2020-07-01,12497.1,11363.855000000001,
2020-07-02,12588.980000000001,11399.904615384616,
2020-07-03,12937.09,11447.221730769232,
2020-07-04,12937.09,11486.327500000001,
2020-07-05,12937.09,11534.517115384615,
2020-07-06,13464.01,11593.172115384617,
2020-07-07,13860.41,11659.450192307691,
2020-07-08,13774.0,11724.066538461539,
2020-07-09,13473.69,11784.380769230771,
2020-07-10,13572.0,11846.759807692308,
2020-07-11,13572.0,11906.289038461538,
2020-07-12,13572.0,11966.235961538461,
2020-07-13,13539.859999999999,12025.757692307692,
2020-07-14,13288.03,12080.43653846154,
2020-07-15,13463.49,12138.489615384615,
2020-07-16,13806.41,12203.137307692308,
2020-07-17,25.799999999999272,12013.046153846155,
2020-07-18,25.799999999999272,11821.688076923077,
2020-07-19,25.799999999999272,11624.266923076922,
2020-07-20,25.889999999999418,11425.441538461539,
2020-07-21,27.040000000000873,11226.63826923077,
2020-07-22,26.959999999999127,11027.833461538461,
2020-07-23,26.790000000000873,10823.13326923077,
2020-07-24,26.600000000000364,10612.791730769231,
2020-07-25,26.600000000000364,10383.120769230767,
2020-07-26,26.600000000000364,10150.346730769232,
2020-07-27,26.26000000000022,9918.31423076923,
2020-07-28,26.209999999999127,9686.28076923077,
2020-07-29,26.540000000000873,9454.253653846154,
2020-07-30,26.860000000000582,9219.322307692308,
2020-07-31,26.1200000000008,8989.143076923077,
2020-08-01,26.1200000000008,8762.17576923077,
2020-08-02,26.1200000000008,8538.553846153845,
2020-08-03,26.270000000000437,8320.273076923077,
2020-08-04,25.68000000000029,8101.980961538462,
2020-08-05,25.850000000000364,7883.692115384616,
2020-08-06,25.899999999999636,7663.808653846154,
2020-08-07,25.950000000000728,7440.117307692307,
2020-08-08,25.950000000000728,7225.386346153847,
2020-08-09,25.950000000000728,7008.559615384616,
2020-08-10,26.389999999999418,6779.995576923076,
2020-08-11,26.659999999999854,6551.436730769231,
2020-08-12,26.69000000000051,6322.878461538461,
2020-08-13,26.899999999999636,6077.531923076923,
2020-08-14,26.920000000000073,5825.546153846154,
2020-08-15,26.920000000000073,5570.41923076923,
2020-08-16,26.920000000000073,5325.423846153846,
2020-08-17,26.75,5082.0196153846155,
2020-08-18,26.98999999999978,4838.620000000001,
2020-08-19,27.19000000000051,4595.22423076923,
2020-08-20,27.350000000000364,4357.567692307693,
2020-08-21,27.780000000000655,4119.930192307693,
2020-08-22,27.780000000000655,3880.135576923077,
2020-08-23,27.780000000000655,3638.5740384615387,
2020-08-24,28.090000000000146,3390.3240384615387,
2020-08-25,27.73999999999978,3142.0673076923076,
2020-08-26,29.100000000000364,2893.836730769231,
2020-08-27,27.549999999999272,2635.443269230769,
2020-08-28,28.100000000000364,2369.437307692308,
2020-08-29,28.100000000000364,2105.093076923077,
2020-08-30,28.100000000000364,1846.5240384615388,
2020-08-31,28.48999999999978,1586.0719230769232,
2020-09-01,27.420000000000073,1325.5992307692309,
2020-09-02,27.270000000000437,1065.123653846154,
2020-09-03,27.299999999999272,805.266730769231,
2020-09-04,26.98999999999978,550.2467307692309,
2020-09-05,26.98999999999978,291.85250000000013,
2020-09-06,26.98999999999978,26.863653846153984,
2020-09-07,27.0,26.88673076923092,
2020-09-08,26.700000000000728,26.90403846153864,
2020-09-09,26.19000000000051,26.911538461538665,
2020-09-10,26.0,26.91365384615406,
2020-09-11,26.200000000000728,26.89750000000021,
2020-09-12,26.200000000000728,26.882884615384857,
2020-09-13,26.200000000000728,26.8715384615387,
2020-09-14,26.399999999999636,26.867692307692533,
2020-09-15,26.100000000000364,26.85807692307715,
2020-09-16,3828.1800000000003,99.96538461538483,
2020-09-17,25.700000000000728,99.95461538461562,
2020-09-18,25.69000000000051,99.94461538461564,
2020-09-19,25.69000000000051,99.92826923076949,
2020-09-20,25.69000000000051,99.90576923076948,
2020-09-21,25.5,99.8938461538464,
2020-09-22,25.389999999999418,99.8798076923079,
2020-09-23,24.600000000000364,99.85057692307713,
2020-09-24,24.200000000000728,99.81076923076944,
2020-09-25,24.1200000000008,99.78076923076945,
2020-09-26,24.1200000000008,99.74750000000023,
2020-09-27,24.1200000000008,99.71326923076948,
2020-09-28,25.0,99.69500000000023,
2020-09-29,24.979999999999563,99.67634615384637,
2020-09-30,24.459999999999127,99.6476923076925,
2020-10-01,24.5,99.61134615384634,
2020-10-02,24.5,99.56980769230789,
2020-10-03,24.5,99.52769230769249,
2020-10-04,24.5,99.48153846153865,
2020-10-05,25.200000000000728,99.44846153846174,
2020-10-06,24.98999999999978,99.41134615384635,
2020-10-07,24.360000000000582,99.36211538461559,
2020-10-08,24.200000000000728,99.31307692307715,
2020-10-09,24.399999999999636,99.26326923076945,
2020-10-10,24.399999999999636,99.20961538461559,
2020-10-11,24.399999999999636,99.1528846153848,
2020-10-12,24.80999999999949,99.09576923076939,
2020-10-13,24.360000000000582,99.03000000000017,
2020-10-14,24.5,98.96692307692322,
2020-10-15,24.150000000001455,98.89115384615403,
2020-10-16,24.11999999999898,98.82153846153862,
2020-10-17,24.11999999999898,98.72576923076937,
2020-10-18,24.11999999999898,98.65980769230782,
2020-10-19,24.590000000000146,98.59230769230781,
2020-10-20,24.599999999998545,98.52500000000009,
2020-10-21,24.979999999999563,98.46500000000007,
2020-10-22,24.9900000000016,98.39769230769242,
2020-10-23,25.18000000000029,98.3546153846155,
2020-10-24,25.18000000000029,98.31442307692319,
2020-10-25,25.18000000000029,98.27365384615398,
2020-10-26,25.200000000000728,98.23923076923091,
2020-10-27,25.090000000000146,98.20269230769246,
2020-10-28,25.1200000000008,98.16673076923095,
2020-10-29,24.94000000000051,98.12711538461556,
2020-10-30,24.899999999999636,98.09250000000017,
2020-10-31,24.899999999999636,98.06769230769245,
2020-11-01,24.899999999999636,98.0465384615386,
2020-11-02,25.0,98.02346153846166,
2020-11-03,26.0,98.01961538461549,
2020-11-04,25.26000000000022,98.00153846153856,
2020-11-05,26.0,97.99384615384626,
2020-11-06,26.389999999999418,97.99942307692316,
2020-11-07,26.389999999999418,24.888076923076998,
2020-11-08,26.389999999999418,24.901346153846205,
2020-11-09,26.43000000000029,24.91557692307697,
2020-11-10,27.299999999999272,24.946538461538484,
2020-11-11,28.0,24.99096153846155,
2020-11-12,28.48999999999978,25.048461538461545,
2020-11-13,28.5,25.10826923076925,
2020-11-14,28.450000000000728,25.18230769230772,
2020-11-15,28.450000000000728,25.264038461538487,
2020-11-16,28.450000000000728,25.347307692307716,
2020-11-17,28.649999999999636,25.43442307692308,
2020-11-18,28.770000000000437,25.52384615384615,
2020-11-19,29.399999999999636,25.608461538461526,
2020-11-20,28.790000000000873,25.681730769230782,
2020-11-21,28.790000000000873,25.765000000000047,
2020-11-22,28.790000000000873,25.847500000000064,
2020-11-23,29.889999999999418,25.9511538461539,
2020-11-24,29.5,26.047307692307747,
2020-11-25,29.5,26.14346153846159,
2020-11-26,29.25,26.22134615384619,
2020-11-27,29.610000000000582,26.31019230769236,
2020-11-28,29.610000000000582,26.4111538461539,
2020-11-29,29.610000000000582,26.51519230769236,
2020-11-30,29.610000000000582,26.615384615384684,
2020-12-01,29.649999999999636,26.716346153846224,
2020-12-02,30.049999999999272,26.825000000000063,
2020-12-03,30.3700000000008,26.931923076923166,
2020-12-04,30.649999999999636,27.052884615384684,
2020-12-05,30.649999999999636,27.17115384615391,
2020-12-06,30.649999999999636,27.296153846153874,
2020-12-07,31.200000000000728,27.432307692307752,
2020-12-08,31.290000000000873,27.570192307692405,
2020-12-09,31.389999999999418,27.710000000000107,
2020-12-10,31.25,27.838076923077026,
2020-12-11,32.0,27.980384615384747,
2020-12-12,32.0,28.115384615384755,
2020-12-13,32.0,28.250192307692416,
2020-12-14,32.45000000000073,28.390000000000118,
2020-12-15,32.45000000000073,28.52980769230782,
2020-12-16,32.45000000000073,28.66961538461552,
2020-12-17,32.340000000000146,28.8069230769232,
2020-12-18,32.20000000000073,28.943653846153982,
2020-12-19,32.20000000000073,29.079807692307824,
2020-12-20,32.20000000000073,29.219423076923214,
2020-12-21,32.20000000000073,29.35980769230785,
2020-12-22,30.899999999999636,29.475192307692467,
2020-12-23,6610.200000000001,156.1155769230771,
2020-12-24,20651.14,552.7721153846155,
2020-12-25,20651.14,949.4094230769232,
2020-12-26,20651.14,1346.0609615384617,
2020-12-27,20651.14,1742.6982692307693,
2020-12-28,21476.39,2155.1982692307693,
2020-12-29,19429.7,2528.338846153846,
2020-12-30,18520.5,2883.994807692308,
2020-12-31,18525.15,3239.7394230769232,
2021-01-01,17883.550000000003,3583.1288461538466,
2021-01-02,17883.550000000003,3926.504807692308,
2021-01-03,17883.550000000003,4269.871346153846,
2021-01-04,17401.15,4603.96076923077,
2021-01-05,16868.39,4927.805769230769,
2021-01-06,16586.89,5246.237307692309,
2021-01-07,16118.2,5555.655576923076,
2021-01-08,16113.349999999999,5864.976730769232,
2021-01-09,16113.349999999999,6174.295576923077,
2021-01-10,16113.349999999999,6483.6023076923075,
2021-01-11,16014.009999999998,6791.010384615384,
2021-01-12,15532.869999999999,7089.165769230769,
2021-01-13,15289.45,7382.639999999999,
2021-01-14,15341.09,7677.086153846155,
2021-01-15,15839.45,7981.123653846154,
2021-01-16,15839.45,8285.161153846155,
2021-01-17,15839.45,8589.203461538462,
2021-01-18,15602.04,8888.673269230769,
2021-01-19,15282.099999999999,9181.990384615385,
2021-01-20,15137.989999999998,9472.536153846155,
2021-01-21,14880.04,9758.121346153846,
2021-01-22,14739.25,10040.99826923077,
2021-01-23,14739.25,10323.8675,
2021-01-24,14739.25,10606.730576923077,
2021-01-25,13800.739999999998,10871.539999999999,
2021-01-26,13800.739999999998,11136.349423076921,
2021-01-27,13634.98,11397.971153846154,
2021-01-28,13485.29,11656.703653846153,
2021-01-29,13426.849999999999,11914.310576923075,
2021-01-30,13426.849999999999,12171.915576923078,
2021-01-31,13426.849999999999,12429.52326923077,
2021-02-01,13171.95,12682.214615384615,
2021-02-02,14089.18,12952.545000000002,
2021-02-03,14440.309999999998,13229.627884615385,
2021-02-04,14605.79,13509.884423076923,
2021-02-05,14707.82,13792.103076923077,
2021-02-06,14707.82,14074.32173076923,
2021-02-07,14707.82,14356.5425,
2021-02-08,14536.09,14635.463461538464,
2021-02-09,14254.380000000001,14908.966923076923,
2021-02-10,13748.7,15172.745769230769,
2021-02-11,13576.73,15433.217499999999,
2021-02-12,13676.64,15695.635576923078,
2021-02-13,13676.64,15831.528653846153,
2021-02-14,13676.64,15697.403653846153,
2021-02-15,13626.809999999998,15562.320384615383,
2021-02-16,13561.75,15425.985961538461,
2021-02-17,13367.61,15285.918076923077,
2021-02-18,14127.95,15144.601923076923,
2021-02-19,14432.099999999999,15048.494230769229,
2021-02-20,14432.099999999999,14969.871153846152,
2021-02-21,14432.099999999999,14891.158653846154,
2021-02-22,14012.689999999999,14816.719038461539,
2021-02-23,14331.5,14748.410384615385,
2021-02-24,14211.769999999997,14677.799230769231,
2021-02-25,14180.25,14615.858846153847,
2021-02-26,14054.300000000003,14561.74173076923,
2021-02-27,14054.300000000003,14513.038076923076,
2021-02-28,14054.300000000003,14473.347692307692,
2021-03-01,13956.599999999999,14431.871730769231,
2021-03-02,13800.39,14387.39173076923,
2021-03-03,14025.900000000001,14347.24846153846,
2021-03-04,13786.05,14304.403076923076,
2021-03-05,13801.59,14271.109230769229,
2021-03-06,13801.59,14242.496538461539,
2021-03-07,13801.59,14212.890769230771,
2021-03-08,13674.849999999999,14171.263846153846,
2021-03-09,13697.25,14130.067692307694,
2021-03-10,13499.190000000002,14085.06269230769,
2021-03-11,13499.190000000002,14044.62326923077,
2021-03-12,13466.990000000002,14009.717307692306,
2021-03-13,13466.990000000002,13977.582692307691,
2021-03-14,13466.990000000002,13950.408653846154,
2021-03-15,13177.940000000002,13920.383461538462,
2021-03-16,13160.400000000001,13890.020961538463,
2021-03-17,12991.800000000003,13856.416153846154,
2021-03-18,12781.79,13836.820961538462,
2021-03-19,12148.060000000001,13805.038653846153,
2021-03-20,12148.060000000001,13776.444038461537,
2021-03-21,12148.060000000001,13750.728076923077,
2021-03-22,12271.239999999998,13728.50480769231,
2021-03-23,12269.400000000001,13706.246153846152,
2021-03-24,12098.79,13680.706538461538,
2021-03-25,12041.79,13658.972692307694,
2021-03-26,11823.34,13615.398846153847,
2021-03-27,11823.34,13565.0725,
2021-03-28,11823.34,13511.563846153847,
2021-03-29,11823.34,13456.093076923078,
2021-03-30,12089.989999999998,13405.750192307692,
2021-03-31,12090.3,13355.413269230768,
2021-04-01,11944.349999999999,13305.572115384615,
2021-04-02,11944.349999999999,13261.148461538462,
2021-04-03,11944.349999999999,13226.449423076923,
2021-04-04,11944.349999999999,13195.057499999999,
2021-04-05,11959.650000000001,13162.038461538461,
2021-04-06,12780.8,13144.81076923077,
2021-04-07,12904.550000000003,13129.962884615383,
2021-04-08,12785.949999999997,13113.792500000001,
2021-04-09,12665.489999999998,13096.556730769233,
2021-04-10,12665.489999999998,13083.054423076925,
2021-04-11,12665.489999999998,13054.930192307693,
2021-04-12,12140.45,13010.859999999999,
2021-04-13,12083.61,12965.69673076923,
2021-04-14,12083.61,12920.533461538462,
2021-04-15,11994.75,12881.726923076923,
2021-04-16,12579.07,12848.026346153845,
2021-04-17,12579.07,12816.628269230769,
2021-04-18,12579.07,12785.836346153847,
2021-04-19,12165.89,12749.52076923077,
2021-04-20,12614.150000000001,12721.825576923076,
2021-04-21,12614.150000000001,12694.130384615386,
2021-04-22,12614.050000000003,12668.312115384615,
2021-04-23,12746.75,12648.049807692307,
2021-04-24,12746.75,12623.45076923077,
2021-04-25,12746.75,12603.46423076923,
2021-04-26,12777.830000000002,12583.776538461538,
2021-04-27,12637.580000000002,12561.391730769234,
2021-04-28,12725.34,12540.694615384615,
2021-04-29,12610.400000000001,12520.224423076925,
2021-04-30,12610.630000000001,12499.327884615386,
2021-05-01,12610.630000000001,12482.240192307694,
2021-05-02,12610.630000000001,12465.1525,
2021-05-03,12407.48,12444.777307692308,
2021-05-04,12442.220000000001,12425.070192307692,
2021-05-05,12390.89,12404.375961538462,
2021-05-06,13598.7,12412.467499999999,
2021-05-07,14013.239999999998,12428.868269230767,
2021-05-08,14013.239999999998,12448.511346153848,
2021-05-09,14013.239999999998,12472.193076923078,
2021-05-10,13945.550000000003,12506.760192307693,
2021-05-11,13666.099999999999,12535.953269230768,
2021-05-12,13932.699999999997,12570.27326923077,
2021-05-13,13932.699999999997,12602.224423076921,
2021-05-14,13888.2,12633.355192307694,
2021-05-15,13888.2,12667.766923076922,
2021-05-16,13888.2,12703.274807692305,
2021-05-17,13612.39,12737.679615384615,
2021-05-18,14506.550000000003,12789.279807692308,
2021-05-19,14283.14,12836.583653846154,
2021-05-20,14061.45,12879.62423076923,
2021-05-21,13954.84,12915.48673076923,
2021-05-22,13954.84,12951.34326923077,
2021-05-23,13954.84,12990.006538461537,
2021-05-24,14187.3,13033.140192307694,
2021-05-25,14570.720000000001,13083.647307692308,
2021-05-26,15005.349999999999,13142.512692307693,
2021-05-27,14988.150000000001,13200.753076923078,
2021-05-28,14644.739999999998,13236.598076923077,
2021-05-29,14644.739999999998,13270.06326923077,
2021-05-30,14644.739999999998,13305.80923076923,
2021-05-31,14644.739999999998,13343.87173076923,
2021-06-01,14696.34,13382.926538461537,
2021-06-02,14569.0,13419.5325,
2021-06-03,14626.130000000001,13467.334038461539,
2021-06-04,14743.43,13518.484423076925,
2021-06-05,14743.43,13569.634807692308,
2021-06-06,14743.43,13622.49403846154,
2021-06-07,15281.95,13674.4725,
2021-06-08,15564.010000000002,13731.875192307692,
2021-06-09,15371.34,13785.572692307693,
2021-06-10,14706.150000000001,13834.423846153844,
2021-06-11,14740.650000000001,13875.318076923075,
2021-06-12,14740.650000000001,13916.212307692309,
2021-06-13,14740.650000000001,13957.108461538463,
2021-06-14,14519.349999999999,13991.196923076923,
2021-06-15,14635.940000000002,14027.5275,
2021-06-16,14560.169999999998,14062.40096153846,
2021-06-17,14374.190000000002,14093.100192307695,
2021-06-18,14229.310000000001,14123.710384615384,
2021-06-19,14229.310000000001,14152.632884615385,
2021-06-20,14229.310000000001,14183.765769230768,
2021-06-21,14100.43,14212.415769230769,
2021-06-22,14229.440000000002,14243.546730769229,
2021-06-23,14163.900000000001,14273.417307692307,
2021-06-24,14074.59,14305.477115384614,
2021-06-25,14009.900000000001,14335.624807692308,
2021-06-26,14009.900000000001,14366.759615384615,
2021-06-27,14009.900000000001,14374.667307692309,
2021-06-28,13994.5,14374.306923076925,
2021-06-29,14164.5,14377.215769230768,
2021-06-30,14164.54,14380.125384615385,
2021-07-01,13940.77,14380.033461538462,
2021-07-02,13954.54,14385.580384615385,
2021-07-03,13954.54,14386.000384615385,
2021-07-04,13954.54,14386.420384615385,
2021-07-05,14508.080000000002,14398.341153846153,
2021-07-06,14797.080000000002,14415.819615384615,
2021-07-07,14348.599999999999,14424.673461538461,
2021-07-08,14662.96,14444.876730769232,
2021-07-09,14456.440000000002,14443.913076923076,
2021-07-10,14456.440000000002,14447.245769230769,
2021-07-11,14456.440000000002,14454.84173076923,
2021-07-12,14643.900000000001,14468.092884615386,
2021-07-13,15557.64,14498.915961538461,
2021-07-14,15620.38,14530.945576923077,
2021-07-15,16099.350000000002,14567.715769230768,
2021-07-16,16422.579999999998,14603.32846153846,
2021-07-17,16422.579999999998,14630.582884615385,
2021-07-18,16422.579999999998,14658.168076923077,
2021-07-19,16772.789999999997,14699.092115384616,
2021-07-20,16741.28,14739.410192307694,
2021-07-21,16741.28,14779.728269230769,
2021-07-22,17298.280000000002,14830.757884615385,
2021-07-23,17333.250000000004,14881.467692307693,
2021-07-24,17333.250000000004,14934.626346153847,
2021-07-25,17333.250000000004,14986.686346153847,
2021-07-26,17202.89,15033.983653846155,
2021-07-27,17112.66,15079.545769230772,
2021-07-28,16947.889999999996,15121.939230769232,
2021-07-29,16694.62,15149.105961538464,
2021-07-30,16389.57,15164.982115384617,
2021-07-31,16389.57,15184.563461538462,
2021-08-01,16389.57,15216.936923076924,
2021-08-02,16517.579999999998,15251.108653846155,
2021-08-03,16342.320000000003,15281.910000000002,
2021-08-04,16513.84,15316.009807692308,
2021-08-05,17374.28,15370.91230769231,
2021-08-06,17380.579999999998,15423.693846153845,
2021-08-07,17380.579999999998,15477.932499999999,
2021-08-08,17380.579999999998,15535.747692307692,
2021-08-09,17262.48,15594.077884615386,
2021-08-10,16981.879999999997,15647.011923076923,
2021-08-11,16541.210000000003,15691.47153846154,
2021-08-12,16654.989999999998,15740.597692307692,
2021-08-13,16758.18,15789.227307692308,
2021-08-14,16758.18,15839.117307692308,
2021-08-15,16758.18,15890.72480769231,
2021-08-16,16527.47,15939.139615384616,
2021-08-17,26774.28,16184.608461538463,
2021-08-18,26551.39,16425.790961538463,
2021-08-19,26551.39,16667.269615384615,
2021-08-20,31212.57,16995.117115384615,
2021-08-21,31212.57,17322.963846153845,
2021-08-22,31212.57,17655.113846153847,
2021-08-23,31098.260000000002,17984.80076923077,
2021-08-24,30589.08,18304.69576923077,
2021-08-25,30386.86,18620.701923076922,
2021-08-26,29848.859999999997,18915.716923076925,
2021-08-27,29466.79,19197.82673076923,
2021-08-28,29466.79,19488.561153846156,
2021-08-29,29466.79,19773.250192307692,
2021-08-30,30355.460000000003,20079.000576923077,
2021-08-31,30356.300000000003,20384.767115384613,
2021-09-01,29966.739999999998,20683.042115384615,
2021-09-02,29713.31,20972.83846153846,
2021-09-03,29512.090000000004,21241.19326923077,
2021-09-04,29512.090000000004,21508.34153846154,
2021-09-05,29512.090000000004,21766.278846153848,
2021-09-06,29809.07,22023.711346153847,
2021-09-07,31545.29,22314.532692307697,
2021-09-08,27262.43,22522.991346153845,
2021-09-09,27197.2,22723.46076923077,
2021-09-10,27197.2,22924.53615384615,
2021-09-11,27197.2,23125.61153846154,
2021-09-12,27197.2,23315.975384615384,
2021-09-13,28202.1,23524.991730769227,
2021-09-14,28614.11,23741.931346153844,
2021-09-15,28411.75,23954.979423076922,
2021-09-16,28392.47,24170.163653846153,
2021-09-17,28338.75,24386.050000000003,
2021-09-18,28338.75,24605.105,
2021-09-19,28338.75,24829.03057692308,
2021-09-20,27953.42,25051.412307692306,
2021-09-21,29379.050000000003,25301.21,
2021-09-22,29229.61,25548.13384615385,
2021-09-23,29431.75,25796.483269230772,
2021-09-24,29583.190000000002,26051.115384615383,
2021-09-25,29583.190000000002,26302.449038461535,
2021-09-26,29583.190000000002,26537.23576923077,
2021-09-27,29226.21,26765.036346153847,
2021-09-28,29089.800000000003,26990.213653846153,
2021-09-29,28897.34,27211.68980769231,
2021-09-30,28897.5,27435.440192307695,
2021-10-01,28762.23,27661.985384615386,
2021-10-02,28762.23,27897.005,
2021-10-03,28762.23,28129.83653846154,
2021-10-04,32087.88,28424.638461538467,
2021-10-05,32359.28,28724.659615384615,
2021-10-06,32917.0,29035.406153846157,
2021-10-07,33192.38,29355.885192307695,
2021-10-08,34029.69,29495.412307692306,
2021-10-09,34029.69,29639.225769230772,
2021-10-10,34029.69,29783.03923076923,
2021-10-11,34414.95,29844.62346153846,
2021-10-12,34147.71,29901.068461538463,
2021-10-13,34539.76,29965.052884615383,
2021-10-14,34476.69,30030.02269230769,
2021-10-15,34476.69,30104.784423076922,
2021-10-16,34476.69,30183.435,
2021-10-17,34476.69,30272.43173076923,
2021-10-18,34444.81,30368.162884615384,
2021-10-19,34230.59,30459.774423076928,
2021-10-20,33575.619999999995,30538.790384615386,
2021-10-21,33531.57,30599.869423076925,
2021-10-22,33263.29,30655.77307692308,
2021-10-23,33263.29,30719.16826923077,
2021-10-24,33263.29,30787.437115384615,
2021-10-25,32808.74,30850.83423076923,
2021-10-26,32912.63,30916.229230769233,
2021-10-27,32950.62,30982.354807692307,
2021-10-28,32490.510000000002,31033.92096153846,
2021-10-29,32119.890000000003,31044.97096153846,
2021-10-30,32119.890000000003,31138.383653846155,
2021-10-31,32119.890000000003,31233.050769230773,
2021-11-01,32257.61,31330.366346153845,
2021-11-02,32830.31,31438.695384615385,
2021-11-03,32518.85,31541.034807692307,
2021-11-04,32593.070000000003,31625.47653846154,
2021-11-05,32593.070000000003,31701.995,
2021-11-06,32593.070000000003,31782.405000000002,
2021-11-07,32593.070000000003,31863.18576923077,
2021-11-08,32931.55,31951.508846153847,
2021-11-09,32813.6,32037.563653846155,
2021-11-10,32543.809999999998,32118.430192307693,
2021-11-11,35262.590000000004,32258.991153846153,
2021-11-12,35289.11,32372.646153846155,
2021-11-13,35289.11,32489.174999999996,
2021-11-14,35289.11,32601.81653846154,
2021-11-15,35297.8,32711.712884615386,
2021-11-16,35389.31,32823.36903846154,
2021-11-17,35119.95,32929.845192307694,
2021-11-18,35037.369999999995,33041.598269230766,
2021-11-19,35037.369999999995,33155.97461538462,
2021-11-20,35037.369999999995,33274.05211538461,
2021-11-21,35037.369999999995,33392.12653846154,
2021-11-22,34029.33,33493.41692307692,
2021-11-23,33794.36,33590.188653846155,
2021-11-24,33865.71,33688.332500000004,
2021-11-25,33740.119999999995,33720.10634615384,
2021-11-26,33136.87,33735.06,
2021-11-27,33136.87,33739.28826923077,
2021-11-28,33136.87,33738.22076923077,
2021-11-29,32707.2,33712.78826923077,
2021-11-30,32706.76,33687.347307692304,
2021-12-01,32547.510000000002,33658.843846153846,
2021-12-02,32835.22,33628.464423076926,
2021-12-03,32965.86,33605.73653846154,
2021-12-04,32965.86,33575.46923076923,
2021-12-05,32965.86,33546.41480769231,
2021-12-06,32661.629999999997,33511.50980769231,
2021-12-07,32675.17,33476.86519230769,
2021-12-08,32892.47,33446.399423076924,
2021-12-09,33351.65,33425.37711538462,
2021-12-10,33721.22,33415.58153846154,
2021-12-11,33721.22,33418.38153846154,
2021-12-12,33721.22,33422.02865384615,
2021-12-13,33719.83,33430.80826923077,
2021-12-14,33016.32,33426.05884615385,
2021-12-15,32934.630000000005,33419.738461538465,
2021-12-16,32975.700000000004,33422.949230769234,
2021-12-17,32480.43,33414.63769230769,
2021-12-18,32480.43,33405.59557692308,
2021-12-19,32480.43,33405.401730769234,
2021-12-20,31666.84,33396.68923076923,
2021-12-21,31470.7,33384.20480769231,
2021-12-22,31607.340000000004,33374.348076923074,
2021-12-23,31815.58,33365.8475,
2021-12-24,31706.8,33344.24153846154,
2021-12-25,31706.8,33328.62519230769,
2021-12-26,31706.8,33311.58153846154,
2021-12-27,31426.67,33289.15076923077,
2021-12-28,31690.47,33271.79307692307,
2021-12-29,32144.4,33263.1648076923,
2021-12-30,31951.309999999998,33244.31403846154,
2021-12-31,31950.75,33227.72076923077,
2022-01-01,31950.75,33216.315769230765,
2022-01-02,31950.75,33152.62653846154,
2022-01-03,32382.02,33096.72096153846,
2022-01-04,32555.129999999997,33044.14442307693,
2022-01-05,32368.45,32987.977884615386,
2022-01-06,32114.149999999998,32926.75384615384,
2022-01-07,37798.850000000006,32973.09115384615,
2022-01-08,37798.850000000006,33024.60846153846,
2022-01-09,37798.850000000006,33077.71384615385,
2022-01-10,38059.36,33135.82903846154,
2022-01-11,38087.45,33194.48442307692,
2022-01-12,38629.619999999995,33263.56615384615,
2022-01-13,38708.36,33353.5475,
2022-01-14,38790.14,33449.620192307695,
2022-01-15,38790.14,33544.32076923077,
2022-01-16,38790.14,33641.43653846154,
2022-01-17,39112.75,33756.357307692306,
2022-01-18,38841.89,33866.06923076923,
2022-01-19,38366.93,33966.647307692314,
2022-01-20,38432.82,34076.75538461538,
2022-01-21,37963.73,34177.85096153847,
2022-01-22,37963.73,34282.00903846154,
2022-01-23,37963.73,34380.63423076923,
2022-01-24,37266.18,34463.3326923077,
2022-01-25,37075.63,34542.36673076923,
2022-01-26,37075.63,34621.40076923077,
2022-01-27,36418.740000000005,34693.65288461538,
2022-01-28,36355.46,34764.42769230769,
2022-01-29,36355.46,34831.023653846154,
2022-01-30,36355.46,34888.78923076923,
2022-01-31,36355.74,34939.45307692308,
2022-02-01,37242.049999999996,35007.16134615384,
2022-02-02,37404.91,35078.00153846154,
2022-02-03,46886.58,35331.20826923077,
2022-02-04,46822.85,35596.71846153846,
2022-02-05,46822.85,35863.79961538462,
2022-02-06,46822.85,36130.09096153846,
2022-02-07,46340.83,36396.63711538462,
2022-02-08,51254.58,36757.67846153846,
2022-02-09,50858.369999999995,37111.10038461538,
2022-02-10,51162.93,37486.02519230769,
2022-02-11,50714.64,37856.10096153846,
2022-02-12,50714.64,38223.54903846154,
2022-02-13,50714.64,38586.9925,
2022-02-14,48700.09,38913.786538461536,
2022-02-15,49611.36,39258.104999999996,
2022-02-16,49936.11,39608.66865384615,
2022-02-17,49745.0,39960.94423076923,
2022-02-18,49034.22,40294.477884615386,
2022-02-19,49034.22,40619.282115384616,
2022-02-20,49034.22,40947.79961538462,
2022-02-21,48465.93,41265.39923076924,
2022-02-22,47647.86,41567.26673076923,
2022-02-23,47594.86,41868.115,
2022-02-24,45242.51,42115.43211538462,
2022-02-25,46175.68,42377.36576923077,
2022-02-26,46175.68,42642.88942307692,
2022-02-27,46175.68,42913.30346153846,
2022-02-28,46175.08,43074.3848076923,
2022-03-01,46175.08,43235.46615384615,
2022-03-02,46283.14,43398.625576923085,
2022-03-03,46674.350000000006,43564.29846153846,
2022-03-04,46202.990000000005,43720.36653846154,
2022-03-05,46202.990000000005,43866.00826923077,
2022-03-06,46202.990000000005,44010.13576923077,
2022-03-07,44671.2,44123.233076923076,
2022-03-08,44832.06,44239.42384615385,
2022-03-09,45398.53,44366.50826923076,
2022-03-10,46513.04,44508.82153846153,
2022-03-11,46291.48,44652.08288461539,
2022-03-12,46291.48,44804.47807692307,
2022-03-13,46291.48,44955.60615384615,
2022-03-14,46427.920000000006,45118.379038461535,
2022-03-15,46058.39,45274.045576923076,
2022-03-16,46466.7,45437.56423076924,
2022-03-17,47399.270000000004,45632.43134615385,
2022-03-18,47399.270000000004,45830.962884615394,
2022-03-19,47399.270000000004,46029.49442307693,
2022-03-20,47399.270000000004,46240.65846153846,
2022-03-21,47010.33,46445.559807692305,
2022-03-22,47149.67,46653.14076923078,
2022-03-23,47536.630000000005,46868.163269230776,
2022-03-24,47494.75,47082.375,
2022-03-25,47644.94,47282.43057692308,
2022-03-26,47644.94,47479.354230769226,
2022-03-27,47644.94,47493.93807692307,
2022-03-28,47464.31,47506.273846153854,
2022-03-29,47194.97,47513.43000000001,
2022-03-30,47460.1,47525.684807692305,
2022-03-31,47458.1,47547.17076923077,
2022-04-01,49448.82,47512.444615384615,
2022-04-02,49448.82,47485.33788461538,
2022-04-03,49448.82,47452.37423076923,
2022-04-04,60331.78,47637.31923076923,
2022-04-05,61502.17,47844.77173076923,
2022-04-06,62942.5,48079.922884615386,
2022-04-07,62887.31,48352.754038461535,
2022-04-08,61411.25,48579.675,
2022-04-09,61411.25,48800.350769230776,
2022-04-10,61411.25,49024.70173076924,
2022-04-11,61605.21,49266.45153846154,
2022-04-12,60620.840000000004,49489.27115384616,
2022-04-13,61017.31,49719.71519230769,
2022-04-14,61017.31,49961.08788461538,
2022-04-15,61017.31,50218.19269230769,
2022-04-16,61017.31,50476.316730769235,
2022-04-17,61017.31,50779.67826923077,
2022-04-18,57910.08,51005.339807692304,
2022-04-19,57732.07,51227.57807692308,
2022-04-20,57636.83,51447.984807692315,
2022-04-21,58499.130000000005,51684.98576923077,
2022-04-22,58031.33,51912.99057692308,
2022-04-23,58031.33,52138.91730769231,
2022-04-24,58031.33,52357.32076923076,
2022-04-25,74632.76,52904.047115384616,
2022-04-26,75674.67,53470.81019230769,
2022-04-27,75789.88,54039.788846153846,
2022-04-28,75705.73000000001,54636.60673076923,
2022-04-29,75586.45999999999,55228.03749999999,
2022-04-30,75586.45999999999,55808.57461538461,
2022-05-01,75586.45999999999,56367.67884615385,
2022-05-02,74446.1,56909.11384615384,
2022-05-03,74446.1,57450.54884615385,
2022-05-04,74320.09,57989.56057692308,
2022-05-05,73507.15,58510.31500000001,
2022-05-06,72221.20999999999,59013.446153846155,
2022-05-07,72221.20999999999,59508.72519230769,
2022-05-08,72221.20999999999,59986.07019230769,
2022-05-09,71035.99,60440.62249999999,
2022-05-10,70644.62,60887.648461538454,
2022-05-11,69336.83,61309.52461538461,
2022-05-12,67712.36,61707.64057692308,
2022-05-13,68477.07,62117.782884615386,
2022-05-14,68477.07,62520.48365384615,
2022-05-15,68477.07,62923.989807692305,
2022-05-16,67832.55,63312.21307692308,
2022-05-17,69744.59,63737.20634615385,
2022-05-18,70318.44,64173.23519230769,
2022-05-19,68073.34,64569.5626923077,
2022-05-20,69866.35,65005.550769230766,
2022-05-21,69866.35,65436.440192307695,
2022-05-22,69866.35,65867.36807692309,
2022-05-23,70284.26000000001,66268.04961538462,
2022-05-24,69637.6,66656.29538461538,
2022-05-25,68776.81,67027.9875,
2022-05-26,67781.62,67171.25365384616,
2022-05-27,68508.89,67305.99826923077,
2022-05-28,68508.89,67413.04423076923,
2022-05-29,68508.89,67521.15153846153,
2022-05-30,70062.4,67687.5198076923,
2022-05-31,70070.32,67854.0403846154,
2022-06-01,70467.48999999999,68028.19884615384,
2022-06-02,70611.01999999999,68201.3875,
2022-06-03,70785.86,68396.86865384615,
2022-06-04,70785.86,68584.72538461539,
2022-06-05,70785.86,68772.58211538462,
2022-06-06,69855.14,68942.5403846154,
2022-06-07,69716.36,69109.82980769231,
2022-06-08,69722.31,69277.23365384615,
2022-06-09,69991.0,69509.55903846155,
2022-06-10,69160.98,69729.34576923077,
2022-06-11,69160.98,69950.96403846153,
2022-06-12,69160.98,70155.99961538462,
2022-06-13,67219.23000000001,70332.69,
2022-06-14,67000.36,70505.17134615385,
2022-06-15,66907.11,70675.85942307694,
2022-06-16,66808.61,70525.395,
2022-06-17,64504.66,70310.58711538462,
2022-06-18,64504.66,70093.56365384615,
2022-06-19,64504.66,69878.15846153846,
2022-06-20,63878.04,69652.99653846155,
2022-06-21,64475.59,69439.32596153846,
2022-06-22,63852.69,69213.67653846153,
2022-06-23,64607.16,69024.46615384615,
2022-06-24,65370.58,68849.93692307692,
2022-06-25,65370.58,68677.83096153846,
2022-06-26,65370.58,68521.35846153846,
2022-06-27,66047.32,68402.62980769231,
2022-06-28,65787.01999999999,68278.89538461539,
2022-06-29,65645.35,68152.43653846154,
2022-06-30,65628.79000000001,68048.45192307692,
2022-07-01,65515.72,67949.81923076924,
2022-07-02,65515.72,67876.33634615385,
2022-07-03,65515.72,67834.09326923077,
2022-07-04,66479.67,67795.68173076923,
2022-07-05,66861.86,67764.62000000001,
2022-07-06,67317.63,67742.32307692309,
2022-07-07,68793.51999999999,67760.80326923078,
2022-07-08,69845.58,67762.7453846154,
2022-07-09,69845.58,67753.65192307693,
2022-07-10,69845.58,67787.73346153846,
2022-07-11,70050.98999999999,67791.28423076923,
2022-07-12,69916.91,67792.25653846154,
2022-07-13,69678.05,67788.63538461538,
2022-07-14,69371.95,67771.09096153847,
2022-07-15,69768.72,67773.6125,
2022-07-16,69768.72,67792.68769230769,
2022-07-17,69768.72,67830.90115384615,
2022-07-18,70870.17,67876.31038461538,
2022-07-19,71183.0,67927.73557692308,
2022-07-20,71850.29000000001,67991.99326923076,
2022-07-21,71946.28,68028.22173076923,
2022-07-22,72710.07,68078.98615384616,
2022-07-23,72710.07,68122.1126923077,
2022-07-24,72710.07,68162.47903846155,
2022-07-25,72350.86,68192.57519230769,
2022-07-26,71904.03,68214.07846153846,
2022-07-27,71629.58,68230.30384615384,
2022-07-28,71991.84,68271.39423076923,
2022-07-29,72906.13,68332.73596153846,
2022-07-30,72906.13,68393.96326923076,
2022-07-31,72906.13,68450.02346153845,
2022-08-01,74755.73999999999,68557.615,
2022-08-02,75060.73000000001,68671.07173076922,
2022-08-03,75162.28,68786.48134615386,
2022-08-04,75325.91,68942.37903846154,
2022-08-05,75580.9,69107.38942307692,
2022-08-06,75580.9,69274.19307692308,
2022-08-07,75580.9,69442.89096153846,
2022-08-08,76035.34,69664.6348076923,
2022-08-09,76035.34,69886.37865384616,
2022-08-10,75749.8,70102.63134615385,
2022-08-11,75869.33,70333.23307692308,
2022-08-12,76126.56999999999,70557.2903846154,
2022-08-13,76126.56999999999,70793.32653846154,
2022-08-14,76126.56999999999,71014.85365384616,
2022-08-15,76126.56999999999,71221.69961538461,
2022-08-16,77363.84,71452.33923076923,
2022-08-17,77898.51999999999,71693.26115384615,
2022-08-18,77869.36,71920.60807692308,
2022-08-19,79079.77,72176.23788461539,
2022-08-20,79079.77,72434.59211538461,
2022-08-21,79079.77,72693.2648076923,
2022-08-22,77470.75,72923.16923076923,
2022-08-23,80134.29000000001,73204.29557692308,
2022-08-24,79807.97,73479.14653846154,
2022-08-25,79979.57,73738.76,
2022-08-26,82618.67,74041.77557692307,
2022-08-27,82618.67,74336.02634615384,
2022-08-28,82618.67,74601.89461538462,
2022-08-29,81472.08,74825.48115384615,
2022-08-30,83157.32,75081.47615384616,
2022-08-31,83157.32,75337.47115384616,
2022-09-01,82597.5,75578.75019230769,
2022-09-02,82562.27,75821.93019230769,
2022-09-03,82562.27,76069.70365384615,
2022-09-04,82562.27,76323.36365384614,
2022-09-05,88943.45,76692.10846153846,
2022-09-06,88891.79000000001,77059.85980769231,
2022-09-07,89188.01999999999,77433.3078846154,
2022-09-08,90013.51999999999,77801.44923076924,
2022-09-09,90387.16,78170.76,
2022-09-10,90387.16,78527.23826923077,
2022-09-11,90387.16,78881.87057692307,
2022-09-12,91052.33,79234.60634615386,
2022-09-13,91861.55,79602.90403846154,
2022-09-14,91519.98999999999,79964.63326923076,
2022-09-15,91891.92,80340.42288461539,
2022-09-16,90731.68,80702.49307692307,
2022-09-17,90731.68,81069.84115384615,
2022-09-18,90731.68,81430.2226923077,
2022-09-19,90208.9,81762.96826923077,
2022-09-20,81070.19,81919.96942307692,
2022-09-21,80271.26000000001,82061.60653846154,
2022-09-22,79651.08,82155.74769230769,
2022-09-23,78900.04000000001,82229.58057692306,
2022-09-24,78900.04000000001,82301.46057692308,
2022-09-25,78900.04000000001,82370.19384615385,
2022-09-26,76574.95000000001,82389.31019230769,
2022-09-27,75821.8,82393.94288461539,
2022-09-28,75575.28,82393.83480769231,
2022-09-29,76113.64,82395.34057692307,
2022-09-30,76110.76,82396.79096153846,
2022-10-01,76110.76,82403.73250000001,
2022-10-02,76110.76,82408.3753846154,
2022-10-03,75760.87,82401.34269230769,
2022-10-04,76803.18,82414.35442307692,
2022-10-05,76803.18,82427.36615384616,
2022-10-06,77725.1,82458.10711538463,
2022-10-07,77436.89,82459.51192307692,
2022-10-08,77436.89,82450.6344230769,
2022-10-09,77436.89,82442.3176923077,
2022-10-10,77166.09,82405.51615384615,
2022-10-11,77137.95,82368.17346153848,
2022-10-12,76602.38,82320.53134615385,
2022-10-13,76476.63,82301.41365384615,
2022-10-14,77015.45,82241.43596153846,
2022-10-15,77015.45,82187.73365384617,
2022-10-16,77015.45,82130.73134615386,
2022-10-17,76570.87,82014.4275,
2022-10-18,77826.63,81922.27288461538,
2022-10-19,78239.35,81838.0551923077,
2022-10-20,78119.01,81773.57307692307,
2022-10-21,78495.11,81683.91519230769,
2022-10-22,78495.11,81594.2573076923,
2022-10-23,78495.11,81515.3651923077,
2022-10-24,78192.93,81431.33942307693,
2022-10-25,78575.82,81354.67692307693,
2022-10-26,78575.82,81278.01442307692,
2022-10-27,78831.94,81083.56230769231,
2022-10-28,78904.8,80891.50480769231,
2022-10-29,78904.8,80693.75057692308,
2022-10-30,78904.8,80480.12134615384,
2022-10-31,78817.95999999999,80257.63673076924,
2022-11-01,79715.76,80052.4175,
2022-11-02,79728.56,79847.44442307691,
2022-11-03,79360.08,79622.59346153846,
2022-11-04,79807.55,79390.78576923077,
2022-11-05,79807.55,79165.54653846155,
2022-11-06,79807.55,78933.1548076923,
2022-11-07,80828.04000000001,78742.70019230769,
2022-11-08,80828.04000000001,78552.24557692307,
2022-11-09,81884.74,78382.1121153846,
2022-11-10,81120.26999999999,78207.33076923076,
2022-11-11,81958.48,78224.41326923076,
2022-11-12,81958.48,78256.85980769231,
2022-11-13,81958.48,78301.2328846154,
2022-11-14,81714.51,78355.3573076923,
2022-11-15,81422.78,78403.87153846154,
2022-11-16,81865.13,78460.8925,
2022-11-17,80992.53,78545.84596153846,
2022-11-18,80682.75,78639.32576923077,
2022-11-19,80682.75,78737.54634615385,
2022-11-20,80682.75,78825.41384615385,
2022-11-21,80373.4,78907.38769230769,
2022-11-22,80701.44,78995.67,
2022-11-23,81332.12,79096.08076923076,
2022-11-24,81642.01,79209.17961538462,
2022-11-25,81965.6,79308.45692307691,
2022-11-26,81965.6,79407.73423076923,
2022-11-27,81965.6,79489.28230769231,
2022-11-28,82411.09,79584.94,
2022-11-29,82604.81,79684.32307692307,
2022-11-30,82604.94,79783.70865384614,
2022-12-01,83635.79000000001,79908.12596153846,
2022-12-02,82995.41,80020.76942307693,
2022-12-03,82995.41,80143.7123076923,
2022-12-04,82995.41,80269.07346153846,
2022-12-05,90209.58,80522.80673076923,
2022-12-06,90651.36,80785.03576923077,
2022-12-07,90544.65,81045.21269230769,
2022-12-08,90287.89,81309.00153846154,
2022-12-09,90198.81,81546.92807692307,
2022-12-10,90198.81,81776.91769230769,
2022-12-11,90198.81,82009.22153846154,
2022-12-12,89339.77,82217.77269230768,
2022-12-13,90083.9,82440.63403846153,
2022-12-14,90649.88,82674.37961538462,
2022-12-15,90414.45,82909.40884615385,
2022-12-16,89745.61,83124.21250000001,
2022-12-17,89745.61,83339.01615384615,
2022-12-18,89745.61,83548.89442307691,
2022-12-19,89368.06,83750.11096153845,
2022-12-20,89051.81,83945.24576923078,
2022-12-21,88849.61,84136.49211538461,
2022-12-22,87476.79999999999,84303.00826923078,
2022-12-23,85099.49,84406.54153846152,
2022-12-24,85099.49,84509.82865384615,
2022-12-25,85099.49,84620.20192307692,
2022-12-26,85220.55,84724.29807692308,
2022-12-27,86084.11,84845.00115384617,
2022-12-28,86309.38,84970.03634615384,
2022-12-29,85971.82,85068.9551923077,
2022-12-30,86164.53,85171.58,
2022-12-31,86164.53,85253.88365384616,
2023-01-01,86164.53,85350.88865384615,
2023-01-02,86806.45,85444.11884615385,
2023-01-03,87200.87,85544.93403846152,
2023-01-04,86804.02,85638.11750000001,
2023-01-05,86578.09,85731.64788461539,
2023-01-06,86223.63,85823.97192307693,
2023-01-07,86223.63,85907.78923076924,
2023-01-08,86223.63,86008.3873076923,
2023-01-09,87096.06,86131.7201923077,
2023-01-10,86940.0,86252.05192307693,
2023-01-11,86945.34,86372.48634615385,
2023-01-12,86800.23999999999,86496.07942307692,
2023-01-13,86892.61,86615.14038461538,
2023-01-14,86892.61,86722.07288461538,
2023-01-15,86892.61,86823.04596153848,
2023-01-16,87111.26999999999,86922.00115384614,
2023-01-17,87430.97,87027.10442307692,
2023-01-18,87837.29000000001,87140.02153846153,
2023-01-19,88013.13,87247.75307692308,
2023-01-20,88114.84,87353.7151923077,
2023-01-21,88114.84,87459.67480769231,
2023-01-22,88114.84,87545.81038461538,
2023-01-23,88047.69,87642.96961538463,
2023-01-24,88608.94,87750.92211538462,
2023-01-25,88167.91,87850.39326923077,
2023-01-26,88167.91,87811.13038461539,
2023-01-27,87577.92,87752.02576923076,
2023-01-28,87577.92,87694.97326923077,
2023-01-29,87577.92,87642.85846153846,
2023-01-30,87500.5,87590.96788461538,
2023-01-31,87487.3,87538.82346153844,
2023-02-01,87949.78,87495.57288461538,
2023-02-02,85905.19,87429.52326923076,
2023-02-03,86073.12,87352.39288461537,
2023-02-04,86073.12,87264.37826923077,
2023-02-05,86073.12,87180.89115384615,
2023-02-06,86699.36,87122.30942307692,
2023-02-07,88173.85,87092.08326923077,
2023-02-08,88445.95999999999,87067.09,
2023-02-09,88240.97,87045.4151923077,
2023-02-10,89252.31,87049.27096153845,
2023-02-11,89252.31,87057.01519230769,
2023-02-12,89252.31,87091.15961538462,
2023-02-13,89411.5,87174.08288461539,
2023-02-14,89531.32,87259.3103846154,
2023-02-15,90150.06,87356.43673076923,
2023-02-16,90543.73,87458.80557692307,
2023-02-17,90043.72,87534.95192307692,
2023-02-18,90043.72,87606.76615384615,
2023-02-19,90043.72,87685.0719230769,
2023-02-20,89956.84,87758.00096153846,
2023-02-21,89350.97,87819.27865384615,
2023-02-22,87922.61,87853.08788461538,
2023-02-23,87818.22,87872.545,
2023-02-24,87742.26,87882.95634615385,
2023-02-25,87742.26,87900.99942307692,
2023-02-26,87742.26,87923.3873076923,
2023-02-27,86993.55,87938.19346153847,
2023-02-28,87020.55,87953.51884615385,
2023-03-01,87251.27,87973.28115384615,
2023-03-02,87775.45,87986.34634615385,
2023-03-03,89569.82,88036.9198076923,
2023-03-04,89569.82,88087.39057692306,
2023-03-05,89569.82,88140.65173076923,
2023-03-06,90219.73,88204.63480769232,
2023-03-07,90219.73,88268.61788461538,
2023-03-08,90287.45999999999,88333.90346153846,
2023-03-09,90257.08,88394.3998076923,
2023-03-10,90251.94,88448.64923076924,
2023-03-11,90251.94,88495.08480769231,
2023-03-12,90251.94,88538.13884615384,
2023-03-13,89559.15,88565.91403846153,
2023-03-14,87161.15,88547.57384615384,
2023-03-15,87567.82,88537.05423076924,
2023-03-16,86934.34,88515.64365384614,
2023-03-17,87921.13,88502.41653846155,
2023-03-18,87921.13,88497.67076923077,
2023-03-19,87921.13,88492.92499999999,
2023-03-20,87143.29999999999,88484.56692307691,
2023-03-21,86684.05,88467.37711538462,
2023-03-22,86895.48999999999,88454.25346153845,
2023-03-23,86569.61,88436.35173076924,
2023-03-24,86129.06999999999,88410.23192307694,
2023-03-25,86129.06999999999,88375.21826923077,
2023-03-26,86129.06999999999,88379.52365384615,
2023-03-27,85289.88,88364.46134615385,
2023-03-28,84523.86,88334.6678846154,
2023-03-29,85445.94,88322.60673076923,
2023-03-30,85445.94,88298.5025,
2023-03-31,85459.94,88246.31192307692,
2023-04-01,85459.94,88188.88846153846,
2023-04-02,85459.94,88135.40711538462,
2023-04-03,88126.78,88113.7623076923,
2023-04-04,88126.78,88092.11750000001,
2023-04-05,88773.81,88082.91557692307,
2023-04-06,89261.41,88080.02923076923,
2023-04-07,89261.41,88074.83865384615,
2023-04-08,89261.41,88057.74923076923,
2023-04-09,89261.41,88033.08923076924,
2023-04-10,90048.98,88033.19038461537,
2023-04-11,90174.92000000001,88035.71346153846,
2023-04-12,90477.85,88044.06211538463,
2023-04-13,90448.28,88053.5128846154,
2023-04-14,90448.28,88074.61499999999,
2023-04-15,90448.28,88123.18557692309,
2023-04-16,90448.28,88173.76365384615,
2023-04-17,90634.6,88229.38557692307,
2023-04-18,90968.39,88291.42653846153,
2023-04-19,90679.27,88347.9075,
2023-04-20,90896.79000000001,88422.96980769231,
2023-04-21,90821.62,88496.06730769231,
2023-04-22,90821.62,88564.7278846154,
2023-04-23,90821.62,88623.30807692309,
2023-04-24,91337.91,88657.30980769229,
2023-04-25,91676.95,88697.83153846154,
2023-04-26,91923.72,88743.09884615385,
2023-04-27,92454.55,88786.07615384615,
2023-04-28,93438.85,88847.9823076923,
2023-04-29,93438.85,88908.58596153847,
2023-04-30,93438.85,88969.77384615385,
2023-05-01,93438.85,89031.06057692306,
2023-05-02,93567.72,89094.82557692309,
2023-05-03,93865.1,89164.30942307692,
2023-05-04,94818.25,89265.44596153847,
2023-05-05,95088.14,89417.88807692307,
2023-05-06,95088.14,89562.50961538461,
2023-05-07,95088.14,89719.31346153846,
2023-05-08,94942.47,89854.33923076923,
2023-05-09,95348.65,89997.17615384616,
2023-05-10,95512.61,90143.16615384616,
2023-05-11,95863.63,90310.86480769233,
2023-05-12,96106.41,90492.06403846154,
2023-05-13,96106.41,90669.19711538461,
2023-05-14,96106.41,90852.59711538462,
2023-05-15,96827.28,91058.33192307691,
2023-05-16,97038.57,91268.13000000002,
2023-05-17,96101.20000000001,91459.90173076923,
2023-05-18,96474.17,91674.98423076925,
2023-05-19,96684.95,91908.85134615384,
2023-05-20,96684.95,92124.98615384616,
2023-05-21,96684.95,92341.12096153846,
2023-05-22,97152.62,92565.9801923077,
2023-05-23,91692.64,92685.8398076923,
2023-05-24,89958.89,92772.35807692308,
2023-05-25,93559.95999999999,92876.84230769232,
2023-05-26,96533.37,93038.50749999999,
2023-05-27,96533.37,93187.72980769232,
2023-05-28,96533.37,93327.57519230769,
2023-05-29,99880.01999999999,93531.77923076924,
2023-05-30,99082.81,93720.6523076923,
2023-05-31,99082.81,93909.5253846154,
2023-06-01,98618.78,94074.32923076923,
2023-06-02,98865.95,94241.46442307693,
2023-06-03,98865.95,94402.77403846153,
2023-06-04,98865.95,94564.6523076923,
2023-06-05,99745.35,94743.44211538462,
2023-06-06,99650.51000000001,94920.40807692308,
2023-06-07,100499.83,95113.7071153846,
2023-06-08,100947.59,95312.03384615385,
2023-06-09,93330.75,95357.46384615383,
2023-06-10,93330.75,95408.45384615383,
2023-06-11,93330.75,95455.26076923076,
2023-06-12,92768.1,95492.69307692308,
2023-06-13,94634.02,95566.00846153845,
2023-06-14,94614.95999999999,95638.9573076923,
2023-06-15,95199.56,95713.21980769232,
2023-06-16,95498.86,95786.71807692308,
2023-06-17,95498.86,95855.47076923076,
2023-06-18,95498.86,95914.01519230769,
2023-06-19,95000.26999999999,95944.0425,
2023-06-20,94649.04000000001,95967.31538461537,
2023-06-21,95762.38,96011.99865384615,
2023-06-22,95434.73000000001,96050.38096153847,
2023-06-23,95505.25,96087.64115384615,
2023-06-24,95505.25,96119.18250000001,
2023-06-25,95505.25,96132.39403846154,
2023-06-26,95505.82,96140.42634615385,
2023-06-27,94761.23999999999,96134.13980769229,
2023-06-28,94803.95999999999,96128.67480769231,
2023-06-29,94803.95999999999,96126.01115384615,
2023-06-30,94890.95999999999,96117.20942307691,
2023-07-01,94890.95999999999,96105.2546153846,
2023-07-02,94890.95999999999,96086.54942307691,
2023-07-03,96680.34,96097.58653846153,
2023-07-04,96734.72,96109.66942307694,
2023-07-05,96636.29000000001,96119.85942307694,
2023-07-06,97163.69,96126.32884615383,
2023-07-07,97073.45999999999,96126.9998076923,
2023-07-08,97073.45999999999,96145.69711538461,
2023-07-09,97073.45999999999,96157.22192307691,
2023-07-10,96010.43,96144.2503846154,
2023-07-11,97446.92,96158.90365384615,
2023-07-12,97489.51000000001,96174.37596153846,
2023-07-13,98011.95000000001,96190.90153846153,
2023-07-14,98833.9,96328.23346153846,
2023-07-15,98833.9,96498.90673076922,
2023-07-16,98833.9,96600.32865384615,
2023-07-17,98605.06,96640.16884615386,
2023-07-18,99321.55,96693.7876923077,
2023-07-19,98971.26,96740.6701923077,
2023-07-20,99136.29000000001,96726.36769230767,
2023-07-21,98871.19,96722.29807692308,
2023-07-22,98871.19,96718.22846153846,
2023-07-23,98871.19,96723.0825,
2023-07-24,98232.76999999999,96710.90596153846,
2023-07-25,100439.78,96741.17192307691,
2023-07-26,100051.53,96763.97153846153,
2023-07-27,99677.07,96762.65846153846,
2023-07-28,100442.13,96777.88192307693,
2023-07-29,100442.13,96776.77230769231,
2023-07-30,100442.13,96767.05192307693,
2023-07-31,100489.98,96904.72942307693,
2023-08-01,102554.68,97082.1126923077,
2023-08-02,101261.62,97234.62942307693,
2023-08-03,100397.42,97381.34711538462,
2023-08-04,101223.8,97508.07365384615,
2023-08-05,101223.8,97635.16673076923,
2023-08-06,101223.8,97751.0175,
2023-08-07,104788.67,97929.6676923077,
2023-08-08,105250.89,98117.20673076923,
2023-08-09,107220.48000000001,98342.6225,
2023-08-10,106936.95000000001,98572.17403846154,
2023-08-11,107953.2,98828.02326923076,
2023-08-12,107953.2,99062.46211538462,
2023-08-13,107953.2,99303.20192307692,
2023-08-14,109151.05,99565.62115384615,
2023-08-15,109151.05,99828.04038461538,
2023-08-16,108817.38,100084.04288461538,
2023-08-17,109022.58,100343.98057692309,
2023-08-18,107802.56,100594.7751923077,
2023-08-19,107802.56,100844.74826923077,
2023-08-20,107802.56,101094.72134615385,
2023-08-21,108727.23000000001,101360.80346153847,
2023-08-22,107734.11,101607.78711538462,
2023-08-23,108302.25,101865.69653846155,
2023-08-24,117663.44,102269.21769230768,
2023-08-25,117466.4,102667.90384615384,
2023-08-26,117466.4,103068.48288461537,
2023-08-27,117466.4,103458.91961538463,
2023-08-28,116628.84000000001,103834.98461538462,
2023-08-29,116888.52,104216.04346153847,
2023-08-30,117557.26999999999,104609.9628846154,
2023-08-31,117545.01999999999,105024.08961538461,
2023-09-01,118041.03,105420.13019230768,
2023-09-02,118041.03,105815.35173076924,
2023-09-03,118041.03,106200.52634615384,
2023-09-04,117840.42,106566.03634615385,
2023-09-05,118288.75,106940.16807692309,
2023-09-06,117554.39,107300.17749999999,
2023-09-07,118235.4,107677.68403846155,
2023-09-08,119717.32,108069.91038461539,
2023-09-09,119717.32,108468.87307692306,
2023-09-10,119717.32,108864.6621153846,
2023-09-11,120389.82,109278.48192307694,
2023-09-12,120340.73999999999,109691.35788461537,
2023-09-13,118416.67,110067.2325,
2023-09-14,118498.8,110456.96384615384,
2023-09-15,118529.19,110804.83711538462,
2023-09-16,118529.19,111160.17673076924,
2023-09-17,118529.19,111522.7175,
2023-09-18,117507.01000000001,111850.88826923075,
2023-09-19,117507.01000000001,112179.05903846155,
2023-09-20,117931.87999999999,112515.4003846154,
2023-09-21,117094.5,112834.71807692308,
2023-09-22,117458.36,113121.32730769229,
2023-09-23,117458.36,113432.80307692307,
2023-09-24,117458.36,113760.89807692308,
2023-09-25,117984.45999999999,114083.21846153846,
2023-09-26,119186.15,114428.64826923076,
2023-09-27,118744.73999999999,114765.58942307692,
2023-09-28,119027.1,115039.40538461538,
2023-09-29,119511.87,115313.655,
2023-09-30,119511.87,115550.02788461537,
2023-10-01,119511.87,115791.85326923078,
2023-10-02,119511.87,116014.13538461538,
2023-10-03,119786.17,116241.69249999999,
2023-10-04,119558.48,116464.87096153846,
2023-10-05,119488.86,116663.67499999999,
2023-10-06,120173.37,116875.6426923077,
2023-10-07,120173.37,117094.02711538461,
2023-10-08,120173.37,117308.46538461538,
2023-10-09,120521.6,117553.0623076923,
2023-10-10,129068.95999999999,117962.03153846154,
2023-10-11,130590.98999999999,118400.27057692308,
2023-10-12,132787.04,118862.95923076922,
2023-10-13,135518.13999999998,119397.26749999999,
2023-10-14,135518.13999999998,119920.65,
2023-10-15,135518.13999999998,120264.00961538461,
2023-10-16,134892.16,120599.12038461538,
2023-10-17,134128.13,120919.53826923078,
2023-10-18,134200.96,121241.35673076923,
2023-10-19,134079.86,121576.95326923077,
2023-10-20,133758.33000000002,121901.37269230769,
2023-10-21,133758.33000000002,122212.93153846155,
2023-10-22,133758.33000000002,122524.72596153847,
2023-10-23,132216.09,122797.32326923078,
2023-10-24,132216.09,123069.92057692308,
2023-10-25,129391.37,123288.19634615384,
2023-10-26,127448.77,123472.9723076923,
2023-10-27,128347.49,123666.40961538462,
2023-10-28,128347.49,123873.96923076923,
2023-10-29,128347.49,124068.43250000001,
2023-10-30,130464.09,124275.10115384616,
2023-10-31,130930.64,124490.74192307693,
2023-11-01,130143.47,124691.2448076923,
2023-11-02,131132.32,124897.83134615383,
2023-11-03,131094.78999999998,125104.64,
2023-11-04,131094.78999999998,125348.45000000001,
2023-11-05,131094.78999999998,125590.68057692307,
2023-11-06,132293.86,125855.38576923076,
2023-11-07,134180.97,126156.38153846153,
2023-11-08,135518.74,126483.10365384615,
2023-11-09,135350.77000000002,126826.25288461537,
2023-11-10,138003.2,127220.41038461539,
2023-11-11,138003.2,127606.39730769231,
2023-11-12,138599.18,128019.94884615384,
2023-11-13,141746.18,128487.02230769231,
2023-11-14,141746.18,128954.09576923077,
2023-11-15,142798.34,129441.40307692307,
2023-11-16,142279.88,129908.62269230769,
2023-11-17,142339.66999999998,130353.8826923077,
2023-11-18,142339.66999999998,130807.63134615385,
2023-11-19,142339.66999999998,131255.94999999998,
2023-11-20,142570.66,131699.38826923078,
2023-11-21,142101.11,132133.79673076922,
2023-11-22,139893.26,132525.74653846154,
2023-11-23,138642.21,132893.6376923077,
2023-11-24,139568.03,133274.05807692307,
2023-11-25,139568.03,133658.8571153846,
2023-11-26,139568.03,134044.995,
2023-11-27,139568.03,134417.96923076923,
2023-11-28,139583.37,134791.23846153848,
2023-11-29,139334.44,135159.72057692308,
2023-11-30,139364.54,135522.0848076923,
2023-12-01,141053.81,135752.5626923077,
2023-12-02,141053.81,135953.77076923076,
2023-12-03,141053.81,136112.7471153846,
2023-12-04,143337.37,136263.11692307692,
2023-12-05,143124.59,136409.3948076923,
2023-12-06,143169.8,136556.54211538463,
2023-12-07,144713.96,136745.4228846154,
2023-12-08,145235.66,136959.02923076923,
2023-12-09,145235.66,137171.235,
2023-12-10,145235.66,137385.7696153846,
2023-12-11,145131.76,137604.4894230769,
2023-12-12,145233.86,137825.17269230768,
2023-12-13,146063.18,138061.80442307692,
2023-12-14,126493.7,137951.75846153844,
2023-12-15,126747.22,137846.58788461538,
2023-12-16,126747.22,137795.73884615384,
2023-12-17,126747.22,137782.2475,
2023-12-18,141068.52000000002,138026.88269230767,
2023-12-19,140743.09,138265.25961538462,
2023-12-20,140521.97,138499.3842307692,
2023-12-21,139333.08000000002,138669.94173076923,
2023-12-22,139985.33000000002,138844.0703846154,
2023-12-23,139985.33000000002,139033.33692307695,
2023-12-24,139985.33000000002,139203.5871153846,
2023-12-25,139985.33000000002,139374.55903846154,
2023-12-26,140172.58000000002,139549.1319230769,
2023-12-27,141111.12,139741.75365384616,
2023-12-28,146400.7,140013.03903846155,
2023-12-29,145785.07,140236.1948076923,
2023-12-30,145785.07,140433.62423076926,
2023-12-31,145785.07,140634.28384615385,
2024-01-01,145596.69,140780.3125,
2024-01-02,148314.29,140978.6026923077,
2024-01-03,147968.02,141158.77269230768,
2024-01-04,147851.59,141276.18442307692,
2024-01-05,148923.74,141414.21442307692,
2024-01-06,148923.74,141532.0105769231,
2024-01-07,148923.74,141659.7771153846,
2024-01-08,148037.08000000002,141769.3426923077,
2024-01-09,147888.12,141876.04365384614,
2024-01-10,147462.7,141974.56346153846,
2024-01-11,149004.8,142098.2969230769,
2024-01-12,150648.49,142262.66961538463,
2024-01-13,150648.49,142469.50096153846,
2024-01-14,150648.49,142700.39096153848,
2024-01-15,150903.16999999998,142918.37442307692,
2024-01-16,152210.35,143161.49596153846,
2024-01-17,151053.46,143382.3696153846,
2024-01-18,150012.84000000003,143583.23134615383,
2024-01-19,150664.06,143796.32153846155,
2024-01-20,150898.66,144018.7103846154,
2024-01-21,150898.66,144240.5203846154,
2024-01-22,150898.66,144429.84442307692,
2024-01-23,149923.26,144600.41076923077,
2024-01-24,148853.1,144750.39711538464,
2024-01-25,149551.97999999998,144869.90884615385,
2024-01-26,149551.97999999998,144993.5125,
2024-01-27,149551.97999999998,145116.24673076923,
2024-01-28,149551.97999999998,145209.28557692308,
2024-01-29,152132.06,145341.90865384616,
2024-01-30,152264.98,145477.08788461538,
2024-01-31,152034.98,145607.84403846154,
2024-02-01,153778.83000000002,145774.13384615385,
2024-02-02,154554.83000000002,145953.38326923078,
2024-02-03,154554.83000000002,146116.68423076923,
2024-02-04,154554.83000000002,146656.32134615385,
2024-02-05,155175.22999999998,147203.01384615386,
2024-02-06,155670.94,147759.23923076922,
2024-02-07,158094.29,148362.0675,
2024-02-08,158818.01,148703.40384615387,
2024-02-09,154773.72,148973.22365384616,
2024-02-10,154773.72,149247.29576923075,
2024-02-11,154773.72,149544.23115384614,
2024-02-12,149521.01,149727.60961538463,
2024-02-13,146615.86,149855.1198076923,
2024-02-14,148432.03999999998,150017.55653846153,
2024-02-15,149872.39,150207.6923076923,
2024-02-16,150369.47,150403.78634615385,
2024-02-17,150369.47,150581.83153846156,
2024-02-18,150369.47,150658.15403846154,
2024-02-19,150379.28,150746.50423076923,
2024-02-20,151122.54,150849.14788461538,
2024-02-21,152368.88,150975.75961538462,
2024-02-22,152322.98,151105.11134615383,
2024-02-23,154242.52000000002,151219.11576923076,
2024-02-24,154242.52000000002,151339.77923076923,
2024-02-25,154242.52000000002,151462.68173076923,
2024-02-26,154211.36,151564.36673076922,
2024-02-27,155020.86,151681.61903846153,
2024-02-28,152761.63,151755.4246153846,
2024-02-29,152064.72999999998,151832.87942307693,
2024-03-01,153658.59,151943.85,
2024-03-02,153587.29,152061.63057692308,
2024-03-03,153587.29,152149.7553846154,
2024-03-04,154544.61,152224.68076923076,
2024-03-05,154151.58000000002,152292.0478846154,
2024-03-06,153221.23,152341.52365384615,
2024-03-07,158213.55,152482.1078846154,
2024-03-08,158213.55,152597.55403846156,
2024-03-09,158213.55,152735.24807692308,
2024-03-10,158213.55,152892.95403846155,
2024-03-11,156553.36,153006.2098076923,
2024-03-12,156139.52000000002,153106.99557692307,
2024-03-13,154062.91,153167.84653846154,
2024-03-14,152444.1,153197.56653846154,
2024-03-15,153540.7,153267.13269230767,
2024-03-16,153540.7,153357.27884615384,
2024-03-17,153540.7,153433.985,
2024-03-18,153308.74,153506.2303846154,
2024-03-19,151626.9,153546.13269230767,
2024-03-20,150901.25,153572.08019230768,
2024-03-21,151708.43,153563.9334615385,
2024-03-22,151519.41,153549.59557692308,
2024-03-23,151519.41,153539.68076923076,
2024-03-24,151519.41,153496.2303846154,
2024-03-25,151519.41,153437.85692307694,
2024-03-26,151714.97999999998,153383.24442307692,
2024-03-27,153156.69,153356.35711538463,
2024-03-28,155286.99,153358.50634615385,
2024-03-29,155286.99,153351.12269230772,
2024-03-30,155286.99,153297.13615384616,
2024-03-31,155286.99,153229.2319230769,
2024-04-01,156950.53,153271.09365384615,
2024-04-02,157623.88,153325.90442307692,
2024-04-03,159046.68,153408.07673076924,
2024-04-04,160015.55,153609.8948076923,
2024-04-05,159808.97,153863.60846153848,
2024-04-06,159808.97,154082.3955769231,
2024-04-07,159808.97,154273.48365384614,
2024-04-08,210436.33000000002,155428.61557692307,
2024-04-09,211442.64,156603.09961538462,
2024-04-10,210969.86,157768.49173076922,
2024-04-11,210969.86,158933.6951923077,
2024-04-12,305198.95,161896.7030769231,
2024-04-13,305198.95,164835.7428846154,
2024-04-14,305198.95,167775.66538461536,
2024-04-15,307120.03,170715.6175,
2024-04-16,304262.22,173600.61173076925,
2024-04-17,304262.22,176485.60596153844,
2024-04-18,304434.87,179374.5196153846,
2024-04-19,300568.37,182173.5101923077,
2024-04-20,300568.37,185015.94749999998,
2024-04-21,300568.37,187871.7867307692,
2024-04-22,303289.02,190749.29499999998,
2024-04-23,305554.2,193671.73557692306,
2024-04-24,307369.7,196629.0896153846,
2024-04-25,310297.02,199624.32826923078,
2024-04-26,316486.7,202746.1575,
2024-04-27,316486.7,205885.87807692308,
2024-04-28,316486.7,208929.5925,
2024-04-29,318900.96,212019.73500000002,
2024-04-30,319016.96,215112.10826923078,
2024-05-01,319016.96,218204.48153846155,
2024-05-02,318892.2,221326.3823076923,
2024-05-03,319184.21,224461.85711538463,
2024-05-04,319184.21,227637.26673076922,
2024-05-05,319184.21,230843.8073076923,
2024-05-06,319705.85,234039.29096153847,
2024-05-07,318994.24,237221.0898076923,
2024-05-08,318131.52,240386.2978846154,
2024-05-09,316336.95,243521.45576923076,
2024-05-10,313119.35,246627.07980769227,
2024-05-11,313119.35,249746.65865384616,
2024-05-12,313119.35,252850.7148076923,
2024-05-13,312816.69,255952.58557692307,
2024-05-14,313587.63,259069.28211538462,
2024-05-15,316425.54,262240.55384615384,
2024-05-16,316814.29,265419.3015384616,
2024-05-17,318341.75,268623.66250000003,
2024-05-18,318640.45,271806.04250000004,
2024-05-19,318640.45,274947.4551923077,
2024-05-20,318640.45,278088.8678846154,
2024-05-21,320504.91000000003,281266.1355769231,
2024-05-22,321317.59,284459.03173076926,
2024-05-23,322809.69,287648.63096153847,
2024-05-24,322237.51,290814.27769230766,
2024-05-25,322237.51,293952.5628846154,
2024-05-26,322237.51,297072.2159615385,
2024-05-27,323439.41,300218.9551923077,
2024-05-28,320401.21,303307.2675,
2024-05-29,322159.46,306429.3923076923,
2024-05-30,321663.27,308568.3719230769,
2024-05-31,321298.27,310680.98019230773,
2024-06-01,321298.27,312802.6803846154,
2024-06-02,321298.27,314924.3805769231,
2024-06-03,330455.0,315410.07384615386,
2024-06-04,325508.34,315800.63903846155,
2024-06-05,327219.99,316224.1205769231,
2024-06-06,338449.87,316826.61750000005,
2024-06-07,337002.69,317456.2419230769,
2024-06-08,337002.69,318085.86634615384,
2024-06-09,337002.69,318712.1705769231,
2024-06-10,337750.49,319427.21134615387,
2024-06-11,335235.5,320093.88692307693,
2024-06-12,334579.96,320747.9559615385,
2024-06-13,336054.65,321378.06423076923,
2024-06-14,333623.14,321917.8515384616,
2024-06-15,333623.14,322422.72538461536,
2024-06-16,333623.14,322871.3046153846,
2024-06-17,333623.14,323200.8515384616,
2024-06-18,336887.64,323593.1773076923,
2024-06-19,335195.83,323952.9682692308,
2024-06-20,337045.75,324301.90653846157,
2024-06-21,336254.93,324633.40596153843,
2024-06-22,336254.93,324964.90538461535,
2024-06-23,336254.93,325298.80403846153,
2024-06-24,333731.57,325578.5609615384,
2024-06-25,332761.29,325839.6586538461,
2024-06-26,332580.63,326097.2821153846,
2024-06-27,335112.9,326393.5715384615,
2024-06-28,337001.78,326739.8703846153,
2024-06-29,337001.78,327102.76,
2024-06-30,337001.78,327500.1605769231,
2024-07-01,338417.07,327986.6551923077,
2024-07-02,338199.78,328468.9711538461,
2024-07-03,340061.64,328987.0921153846,
2024-07-04,341490.0,329538.50192307687,
2024-07-05,343342.74,330110.7155769231,
2024-07-06,343342.74,330628.3540384615,
2024-07-07,343342.74,331138.5165384616,
2024-07-08,348119.07,331711.1573076924,
2024-07-09,349886.83,332312.0492307692,
2024-07-10,350229.89,332919.53846153844,
2024-07-11,350618.1,333534.49326923076,
2024-07-12,355461.75,334206.7401923077,
2024-07-13,355461.75,334863.35865384614,
2024-07-14,355461.75,335491.28288461536,
2024-07-15,357481.05000000005,336169.04326923075,
2024-07-16,358523.7,336866.8546153846,
2024-07-17,358523.7,337564.6659615385,
2024-07-18,360449.8,338276.4042307692,
2024-07-19,361270.56,339062.3532692308,
2024-07-20,361270.56,339814.4898076923,
2024-07-21,361270.56,340576.1684615385,
2024-07-22,357977.66000000003,341281.5413461539,
2024-07-23,362997.36,342083.446923077,
2024-07-24,366184.29,342946.6396153846,
2024-07-25,363077.96,343574.0042307693,
2024-07-26,370575.92,344440.68846153846,
2024-07-27,370575.92,345274.45634615386,
2024-07-28,370575.92,345892.265,
2024-07-29,371668.51,346558.9153846154,
2024-07-30,369451.05,347182.92230769235,
2024-07-31,369617.49,347810.13,
2024-08-01,372379.45999999996,348476.07173076924,
2024-08-02,373151.31,349205.2219230769,
2024-08-03,373151.31,349946.9786538461,
2024-08-04,373151.31,350660.37596153846,
2024-08-05,361848.07,351203.1630769231,
2024-08-06,361995.83999999997,351748.7919230769,
2024-08-07,362365.67,352301.53288461536,
2024-08-08,362716.33,352861.0173076923,
2024-08-09,364601.29,353393.97211538465,
2024-08-10,364601.29,353959.4617307692,
2024-08-11,364601.29,354489.3759615384,
2024-08-12,367147.88,355083.4711538461,
2024-08-13,365367.87,355643.33538461535,
2024-08-14,363486.49,356167.01923076925,
2024-08-15,363486.49,356739.2292307692,
2024-08-16,369661.33,357448.8453846154,
2024-08-17,369661.33,358161.93576923077,
2024-08-18,369661.33,358826.32865384617,
2024-08-19,372693.13,359512.7007692308,
2024-08-20,371609.33999999997,360178.23076923075,
2024-08-21,373774.37,360885.3959615385,
2024-08-22,375717.86,361602.7188461538,
2024-08-23,375200.20999999996,362314.26557692315,
2024-08-24,375200.20999999996,362990.0073076924,
2024-08-25,375200.20999999996,363638.28057692305,
2024-08-26,379454.8,364332.74326923076,
2024-08-27,380104.75,365039.705,
2024-08-28,378720.21,365720.04096153844,
2024-08-29,380966.63,366351.7248076923,
2024-08-30,381808.92,366965.6111538462,
2024-08-31,381808.92,367572.90019230766,
2024-09-01,381808.92,368172.7236538462,
2024-09-02,383312.17,368708.30865384615,
2024-09-03,383620.02,369249.81384615385,
2024-09-04,382195.27999999997,369763.92019230773,
2024-09-05,382116.49,370237.67865384615,
2024-09-06,387544.67,370795.77423076925,
2024-09-07,387544.67,371353.86980769224,
2024-09-08,387544.67,371874.92500000005,
2024-09-09,383744.2,372307.1103846154,
2024-09-10,389396.6,372847.99576923077,
2024-09-11,390399.85,373408.17442307685,
2024-09-12,396176.88,374142.7748076923,
2024-09-13,393035.59,374720.4330769231,
2024-09-14,393035.59,375236.8042307692,
2024-09-15,393035.59,375812.9125,
2024-09-16,393092.79000000004,376245.9292307692,
2024-09-17,392962.19,376676.4344230769,
2024-09-18,392568.39,377099.3665384616,
2024-09-19,392718.89,377504.1815384615,
2024-09-20,392444.39,377946.3611538461,
2024-09-21,392444.39,378385.33999999997,
2024-09-22,392444.39,378771.20403846155,
2024-09-23,393305.19,379158.7786538462,
2024-09-24,394269.89,379564.9051923077,
2024-09-25,394027.19,379966.3644230769,
2024-09-26,394632.39,380596.83211538463,
2024-09-27,395762.69,381246.19461538456,
2024-09-28,395762.69,381888.445,
2024-09-29,395762.69,382523.95192307694,
2024-09-30,395762.69,383123.2096153846,
2024-10-01,394274.7,383693.85211538465,
2024-10-02,394274.7,384264.49461538467,
2024-10-03,388606.99,384677.1698076923,
2024-10-04,387670.1,385106.0588461539,
2024-10-05,387670.1,385571.1282692307,
2024-10-06,387670.1,386036.1976923077,
2024-10-07,385401.49,386338.89307692304,
2024-10-08,384885.35,386631.6626923077,
2024-10-09,385722.32,386940.52788461535,
2024-10-10,382623.3,387131.4926923077,
2024-10-11,380919.76,387310.5392307692,
2024-10-12,380919.76,387447.9505769231,
2024-10-13,380919.76,387547.9871153846,
2024-10-14,383729.94,387712.02038461535,
2024-10-15,384729.61,387895.27807692304,
2024-10-16,382132.6,388028.5932692308,
2024-10-17,380703.51,388052.6069230769,
2024-10-18,377445.83,388001.4738461539,
2024-10-19,377445.83,387976.9665384615,
2024-10-20,377445.83,387909.25884615385,
2024-10-21,376929.37,387815.42134615383,
2024-10-22,372264.76,387631.8798076923,
2024-10-23,368541.19,387376.73115384614,
2024-10-24,366676.04,387056.80557692307,
2024-10-25,368357.04,386763.2867307692,
2024-10-26,368357.04,386497.16673076927,
2024-10-27,368357.04,386232.561923077,
2024-10-28,371789.44,385929.5767307692,
2024-10-29,372108.41,385632.7255769231,
2024-10-30,373258.2,385357.9857692308,
2024-10-31,373258.2,385156.33192307694,
2024-11-01,376414.57,384906.6775,
2024-11-02,376414.57,384637.72980769235,
2024-11-03,376414.57,384257.6853846154,
2024-11-04,374620.95,383903.5576923077,
2024-11-05,371154.57,383482.76884615386,
2024-11-06,375055.27,383136.99346153846,
2024-11-07,374803.67,382785.2796153846,
2024-11-08,371911.06,382380.4501923077,
2024-11-09,371911.06,381983.1938461539,
2024-11-10,371911.06,381583.04326923075,
2024-11-11,371249.69,381175.4528846154,
2024-11-12,366114.39,380669.1067307693,
2024-11-13,360466.42000000004,380054.14576923073,
2024-11-14,358657.26,379387.8394230769,
2024-11-15,358657.26,378702.98115384614,
2024-11-16,358657.26,378022.7901923077,
2024-11-17,358657.26,377330.9607692308,
2024-11-18,357888.77999999997,376602.61634615384,
2024-11-19,362191.56,375957.0176923077,
2024-11-20,362191.56,375311.4190384615,
2024-11-21,355772.58999999997,374542.37865384616,
2024-11-22,363994.64,373960.0698076923,
2024-11-23,363994.64,373377.7609615385,
2024-11-24,363994.64,372904.4465384616,
2024-11-25,369476.52,372554.57,
2024-11-26,369708.07999999996,372209.14653846156,
2024-11-27,369971.0,371868.7792307692,
2024-11-28,370783.1,371587.6563461539,
2024-11-29,370809.98,371316.9761538462,
2024-11-30,370809.98,371030.2003846154,
2024-12-01,370809.98,370803.0211538461,
2024-12-02,370550.27999999997,370603.6080769231,
2024-12-03,374309.68,370476.49115384615,
2024-12-04,376249.77999999997,370386.6838461539,
2024-12-05,377028.77999999997,370257.8153846153,
2024-12-06,,,377238.2860477914
2024-12-07,,,377228.1258981778
2024-12-08,,,377572.4288051111
2024-12-09,,,377709.11533110996
2024-12-10,,,377623.2470237247
2024-12-11,,,377885.2034878785
2024-12-12,,,377267.55103139376
2024-12-13,,,377542.7811388707
2024-12-14,,,377848.8521214594
2024-12-15,,,376988.41718499875
2024-12-16,,,376546.96169189055
2024-12-17,,,376276.92099194904
2024-12-18,,,376602.37605983927
2024-12-19,,,377149.3813080388
2024-12-20,,,376586.65553049964
2024-12-21,,,376720.217920534
2024-12-22,,,376657.67700638087
2024-12-23,,,377345.7136338691
2024-12-24,,,378531.624585247
2024-12-25,,,377373.85162424546
2024-12-26,,,377195.6823099256
2024-12-27,,,377004.18863816105
2024-12-28,,,380085.46566815337
2024-12-29,,,377641.42602656374
2024-12-30,,,377016.8430534397
2024-12-31,,,377523.17505467485
2025-01-01,,,376868.04800586874
2025-01-02,,,377044.14978741674
2025-01-03,,,377199.98465786845
2025-01-04,,,377352.3442441534
2025-01-05,,,377553.6167522426
2025-01-06,,,377773.38588224485
2025-01-07,,,378280.74060656613
2025-01-08,,,377832.0513178415
2025-01-09,,,378151.43424863566
2025-01-10,,,378465.34018295945
2025-01-11,,,378478.7767882215
2025-01-12,,,378552.0906355514
2025-01-13,,,379231.9777978781
2025-01-14,,,379101.73846126604
2025-01-15,,,378915.7589785912
2025-01-16,,,379353.3566307255
2025-01-17,,,380484.06662706484
2025-01-18,,,381762.39177276514
2025-01-19,,,382844.25263595645
2025-01-20,,,383296.5029377282
2025-01-21,,,383424.46375923883
2025-01-22,,,383370.22298089426
2025-01-23,,,383640.48704806087
2025-01-24,,,383726.49714358745
2025-01-25,,,383847.3925311767
2025-01-26,,,383818.18989571685
2025-01-27,,,384060.02327139175
2025-01-28,,,384049.8631217781
2025-01-29,,,384394.1660287114
2025-01-30,,,384530.8525547103
2025-01-31,,,384444.98424732505
2025-02-01,,,384706.9407114788
2025-02-02,,,384089.2882549941
2025-02-03,,,384364.518362471
2025-02-04,,,384670.5893450597
2025-02-05,,,383810.1544085991
2025-02-06,,,383368.6989154909
2025-02-07,,,383098.65821554937
2025-02-08,,,383424.1132834396
2025-02-09,,,383971.1185316391
2025-02-10,,,383408.3927541
2025-02-11,,,383541.95514413435
2025-02-12,,,383479.4142299812
2025-02-13,,,384167.4508574694
2025-02-14,,,385353.36180884734
2025-02-15,,,384195.5888478458
2025-02-16,,,384017.41953352594
2025-02-17,,,383825.9258617614
2025-02-18,,,386907.2028917537
2025-02-19,,,384463.16325016407
2025-02-20,,,383838.58027704
2025-02-21,,,384344.9122782752
2025-02-22,,,383689.78522946907
2025-02-23,,,383865.88701101707
2025-02-24,,,384021.7218814688
2025-02-25,,,384174.08146775374
2025-02-26,,,384375.35397584294
2025-02-27,,,384595.1231058452
2025-02-28,,,385102.47783016646
2025-03-01,,,384653.78854144184
2025-03-02,,,384973.171472236
2025-03-03,,,385287.0774065598
2025-03-04,,,385300.5140118218
2025-03-05,,,385373.8278591517
2025-03-06,,,386053.7150214784
2025-03-07,,,385923.47568486637
2025-03-08,,,385737.4962021915
2025-03-09,,,386175.0938543258
2025-03-10,,,387305.80385066516
2025-03-11,,,388584.12899636547
2025-03-12,,,389665.9898595568
2025-03-13,,,390118.2401613285
2025-03-14,,,390246.20098283916
2025-03-15,,,390191.9602044946
2025-03-16,,,390462.2242716612
2025-03-17,,,390548.2343671878
2025-03-18,,,390669.129754777
2025-03-19,,,390639.9271193172
2025-03-20,,,390881.7604949921
2025-03-21,,,390871.60034537845
2025-03-22,,,391215.90325231175
2025-03-23,,,391352.5897783106
2025-03-24,,,391266.7214709254
2025-03-25,,,391528.67793507915
2025-03-26,,,390911.0254785944
2025-03-27,,,391186.25558607135
2025-03-28,,,391492.32656866004
2025-03-29,,,390631.8916321994
2025-03-30,,,390190.4361390912
2025-03-31,,,389920.3954391497
2025-04-01,,,390245.8505070399
2025-04-02,,,390792.85575523943
2025-04-03,,,390230.1299777003
2025-04-04,,,390363.6923677347
2025-04-05,,,390301.1514535815
2025-04-06,,,390989.18808106973
2025-04-07,,,392175.0990324477
2025-04-08,,,391017.3260714461
2025-04-09,,,390839.15675712633
2025-04-10,,,390647.6630853617
2025-04-11,,,393728.940115354
2025-04-12,,,391284.9004737644
2025-04-13,,,390660.31750064035
2025-04-14,,,391166.6495018755
2025-04-15,,,390511.5224530694
2025-04-16,,,390687.6242346174
2025-04-17,,,390843.45910506917
2025-04-18,,,390995.81869135407
2025-04-19,,,391197.09119944327
2025-04-20,,,391416.8603294455
2025-04-21,,,391924.2150537668
2025-04-22,,,391475.52576504217
2025-04-23,,,391794.9086958363
2025-04-24,,,392108.8146301601
2025-04-25,,,392122.2512354222
2025-04-26,,,392195.56508275203
2025-04-27,,,392875.45224507875
2025-04-28,,,392745.2129084667
2025-04-29,,,392559.2334257919
2025-04-30,,,392996.83107792615
2025-05-01,,,394127.5410742655
2025-05-02,,,395405.8662199658
2025-05-03,,,396487.72708315717
2025-05-04,,,396939.97738492885
2025-05-05,,,397067.9382064395
2025-05-06,,,397013.6974280949
2025-05-07,,,397283.9614952616
2025-05-08,,,397369.9715907881
2025-05-09,,,397490.86697837734
2025-05-10,,,397461.6643429175
2025-05-11,,,397703.49771859247
2025-05-12,,,397693.3375689788
2025-05-13,,,398037.6404759121
2025-05-14,,,398174.32700191095
2025-05-15,,,398088.45869452576
2025-05-16,,,398350.4151586795
2025-05-17,,,397732.76270219474
2025-05-18,,,398007.9928096717
2025-05-19,,,398314.0637922604
2025-05-20,,,397453.62885579973
2025-05-21,,,397012.17336269154
2025-05-22,,,396742.13266275
2025-05-23,,,397067.5877306403
2025-05-24,,,397614.59297883976
2025-05-25,,,397051.8672013006
2025-05-26,,,397185.429591335
2025-05-27,,,397122.8886771819
2025-05-28,,,397810.92530467006
2025-05-29,,,398996.836256048
2025-05-30,,,397839.06329504645
2025-05-31,,,397660.89398072666
2025-06-01,,,397469.40030896204
2025-06-02,,,400550.67733895435
2025-06-03,,,398106.6376973647
2025-06-04,,,397482.05472424073
2025-06-05,,,397988.38672547584
2025-06-06,,,397333.2596766697
2025-06-07,,,397509.3614582177
2025-06-08,,,397665.1963286695
2025-06-09,,,397817.5559149544
2025-06-10,,,398018.8284230436
2025-06-11,,,398238.59755304584
2025-06-12,,,398745.9522773672
2025-06-13,,,398297.2629886425
2025-06-14,,,398616.64591943665
2025-06-15,,,398930.55185376044
2025-06-16,,,398943.98845902254
2025-06-17,,,399017.30230635236
2025-06-18,,,399697.1894686791
2025-06-19,,,399566.950132067
2025-06-20,,,399380.9706493922
2025-06-21,,,399818.5683015265
2025-06-22,,,400949.2782978658
2025-06-23,,,402227.6034435661
2025-06-24,,,403309.4643067575
2025-06-25,,,403761.7146085292
2025-06-26,,,403889.6754300398
2025-06-27,,,403835.43465169525
2025-06-28,,,404105.6987188619
2025-06-29,,,404191.70881438843
2025-06-30,,,404312.60420197767
2025-07-01,,,404283.40156651783
2025-07-02,,,404525.2349421928
2025-07-03,,,404515.0747925791
2025-07-04,,,404859.3776995124
2025-07-05,,,404996.0642255113
2025-07-06,,,404910.1959181261
2025-07-07,,,405172.1523822798
2025-07-08,,,404554.49992579507
2025-07-09,,,404829.730033272
2025-07-10,,,405135.80101586075
2025-07-11,,,404275.36607940006
2025-07-12,,,403833.91058629187
2025-07-13,,,403563.86988635035
2025-07-14,,,403889.32495424064
2025-07-15,,,404436.3302024401
2025-07-16,,,403873.60442490096
2025-07-17,,,404007.16681493534
2025-07-18,,,403944.62590078224
2025-07-19,,,404632.6625282704
2025-07-20,,,405818.57347964833
2025-07-21,,,404660.8005186468
2025-07-22,,,404482.631204327
2025-07-23,,,404291.13753256237
2025-07-24,,,407372.4145625547
2025-07-25,,,404928.37492096506
2025-07-26,,,404303.79194784106
2025-07-27,,,404810.12394907617
2025-07-28,,,404154.99690027005
2025-07-29,,,404331.09868181805
2025-07-30,,,404486.9335522698
2025-07-31,,,404639.2931385547
2025-08-01,,,404840.5656466439
2025-08-02,,,405060.33477664617
2025-08-03,,,405567.6895009675
2025-08-04,,,405119.0002122428
2025-08-05,,,405438.383143037
2025-08-06,,,405752.2890773608
2025-08-07,,,405765.72568262287
2025-08-08,,,405839.0395299527
2025-08-09,,,406518.9266922794
2025-08-10,,,406388.68735566735
2025-08-11,,,406202.70787299256
2025-08-12,,,406640.3055251268
2025-08-13,,,407771.01552146615
2025-08-14,,,409049.3406671665
2025-08-15,,,410131.2015303578
2025-08-16,,,410583.4518321295
2025-08-17,,,410711.41265364015
2025-08-18,,,410657.1718752956
2025-08-19,,,410927.43594246224
2025-08-20,,,411013.44603798876
2025-08-21,,,411134.341425578
2025-08-22,,,411105.1387901182
2025-08-23,,,411346.9721657931
2025-08-24,,,411336.81201617944
2025-08-25,,,411681.11492311273
2025-08-26,,,411817.8014491116
2025-08-27,,,411731.9331417264
2025-08-28,,,411993.88960588013
2025-08-29,,,411376.2371493954
2025-08-30,,,411651.4672568724
2025-08-31,,,411957.5382394611
2025-09-01,,,411097.1033030004
2025-09-02,,,410655.6478098922
2025-09-03,,,410385.6071099507
2025-09-04,,,410711.06217784097
2025-09-05,,,411258.0674260404
2025-09-06,,,410695.3416485013
2025-09-07,,,410828.9040385357
2025-09-08,,,410766.36312438257
2025-09-09,,,411454.3997518707
2025-09-10,,,412640.31070324866
2025-09-11,,,411482.5377422471
2025-09-12,,,411304.3684279273
2025-09-13,,,411112.8747561627
2025-09-14,,,414194.151786155
2025-09-15,,,411750.11214456544
2025-09-16,,,411125.5291714414
2025-09-17,,,411631.8611726765
2025-09-18,,,410976.7341238704
2025-09-19,,,411152.8359054184
2025-09-20,,,411308.67077587015
2025-09-21,,,411461.03036215506
2025-09-22,,,411662.30287024425
2025-09-23,,,411882.07200024655
2025-09-24,,,412389.42672456783
2025-09-25,,,411940.73743584316
2025-09-26,,,412260.1203666373
2025-09-27,,,412574.02630096115
2025-09-28,,,412587.4629062232
2025-09-29,,,412660.776753553
2025-09-30,,,413340.66391587973
2025-10-01,,,413210.42457926774
2025-10-02,,,413024.4450965929
2025-10-03,,,413462.04274872714
2025-10-04,,,414592.7527450665
2025-10-05,,,415871.07789076684
2025-10-06,,,416952.93875395815
2025-10-07,,,417405.18905572983
2025-10-08,,,417533.1498772405
2025-10-09,,,417478.90909889597
2025-10-10,,,417749.17316606257
2025-10-11,,,417835.1832615891
2025-10-12,,,417956.0786491783
2025-10-13,,,417926.87601371855
2025-10-14,,,418168.70938939345
2025-10-15,,,418158.54923977976
2025-10-16,,,418502.85214671306
2025-10-17,,,418639.538672712
2025-10-18,,,418553.67036532675
2025-10-19,,,418815.62682948046
2025-10-20,,,418197.9743729957
2025-10-21,,,418473.2044804727
2025-10-22,,,418779.2754630614
2025-10-23,,,417918.8405266007
2025-10-24,,,417477.3850334925
2025-10-25,,,417207.34433355107
2025-10-26,,,417532.7994014413
2025-10-27,,,418079.80464964075
2025-10-28,,,417517.0788721016
2025-10-29,,,417650.64126213605
2025-10-30,,,417588.1003479829
2025-10-31,,,418276.13697547105
2025-11-01,,,419462.047926849
2025-11-02,,,418304.2749658475
2025-11-03,,,418126.10565152764
2025-11-04,,,417934.611979763
2025-11-05,,,421015.88900975534
2025-11-06,,,418571.8493681658
2025-11-07,,,417947.2663950417
2025-11-08,,,418453.5983962768
2025-11-09,,,417798.4713474707
2025-11-10,,,417974.57312901877
2025-11-11,,,418130.4079994705
2025-11-12,,,418282.7675857554
2025-11-13,,,418484.0400938446
2025-11-14,,,418703.8092238469
2025-11-15,,,419211.16394816816
2025-11-16,,,418762.4746594435
2025-11-17,,,419081.85759023763
2025-11-18,,,419395.7635245615
2025-11-19,,,419409.2001298235
2025-11-20,,,419482.51397715334
2025-11-21,,,420162.40113948006
2025-11-22,,,420032.16180286807
2025-11-23,,,419846.1823201932
2025-11-24,,,420283.77997232747
2025-11-25,,,421414.48996866687
2025-11-26,,,422692.8151143672
2025-11-27,,,423774.6759775585
2025-11-28,,,424226.92627933016
2025-11-29,,,424354.8871008408
2025-11-30,,,424300.6463224963
2025-12-01,,,424570.9103896629
2025-12-02,,,424656.9204851894
2025-12-03,,,424777.8158727787
2025-12-04,,,424748.6132373189
2025-12-05,,,424990.4466129938
